fr24_id,Timestamp_start,Flight_start,Aircraft_start,Origin_start,Destination_start,Altitude_start,Ground_Speed_start,Vertical_Speed_start,Lat_start,Lon_start,Source_start,ETA_start,distance_to_airport_start,operating_as_start,Timestamp_end,Flight_end,Aircraft_end,Origin_end,Destination_end,Altitude_end,Ground_Speed_end,Vertical_Speed_end,Lat_end,Lon_end,Source_end,ETA_end,distance_to_airport_end,operating_as_end,Start_end_Distance_km,Max_Possible_Distance_km_end,Distance_From_Airport_Start_km,Distance_From_Airport_End_km,Coord_start in Airport Bounds
3937c961,2025-02-22 04:30:00+00:00,SK1415,A20N,ARN,CPH,0.0,0.0,0.0,59.65296,17.92988,ADSB,,0.5619742060153988,SZS,2025-02-22 05:00:00+00:00,SK1415,A20N,ARN,CPH,0.0,22.0,0.0,59.657,17.92445,ADSB,2025-02-22 06:02:40+00:00,0.9448300511222258,SZS,0.5430038774374474,20.372,0.5619742060153988,0.9448300511222258,True
3937d161,2025-02-22 04:30:00+00:00,D89744,B38M,ARN,GNB,0.0,26.0,0.0,59.65625,17.94028,ADSB,,0.30190960249494053,NSZ,2025-02-22 05:00:00+00:00,D89744,B38M,ARN,GNB,36000.0,437.0,0.0,57.60518,14.44631,ADSB,2025-02-22 07:10:00+00:00,304.50447540989717,NSZ,304.74195502620205,404.66200000000003,0.30190960249494053,304.50447540989717,True
3937d2a4,2025-02-22 04:30:00+00:00,AF1463,BCS3,ARN,CDG,0.0,0.0,0.0,59.64403,17.92753,ADSB,,1.263302566532666,AFR,2025-02-22 05:00:00+00:00,AF1463,BCS3,ARN,CDG,0.0,0.0,0.0,59.64403,17.92756,ADSB,2025-02-22 07:49:20+00:00,1.2623822883803897,AFR,0.001685840071601738,inf,1.263302566532666,1.2623822883803897,True
3937d2bf,2025-02-22 05:30:00+00:00,OS318,A321,ARN,VIE,0.0,0.0,0.0,59.65324,17.93115,ADSB,,0.488026956318133,AUA,2025-02-22 06:00:00+00:00,OS318,A321,ARN,VIE,0.0,21.0,0.0,59.65591,17.92497,ADSB,2025-02-22 07:53:36+00:00,0.8744784224878461,AUA,0.45680813130731585,19.446,0.488026956318133,0.8744784224878461,True
3937d62a,2025-02-22 05:30:00+00:00,IB826,A20N,ARN,MAD,0.0,132.0,64.0,59.65631,17.92007,ADSB,,1.1510798002075424,IBE,2025-02-22 06:00:00+00:00,IB826,A20N,ARN,MAD,36000.0,421.0,0.0,57.37219,13.87928,ADSB,2025-02-22 09:01:52+00:00,346.2406474089913,IBE,345.68129178120597,389.846,1.1510798002075424,346.2406474089913,True
3937dbe9,2025-02-22 05:00:00+00:00,SK7935,A20N,ARN,SZG,0.0,20.0,0.0,59.65122,17.9547,ADSB,,0.8752462446414828,SZS,2025-02-22 05:30:00+00:00,SK7935,A20N,ARN,SZG,38025.0,438.0,0.0,57.18114,16.33727,ADSB,2025-02-22 06:56:00+00:00,290.30603653483325,SZS,290.3418996946709,405.588,0.8752462446414828,290.30603653483325,True
3937dcc9,2025-02-22 05:00:00+00:00,SK481,A319,ARN,OSL,0.0,9.0,0.0,59.65997,17.92506,ADSB,,1.0942905360245199,SAS,2025-02-22 05:30:00+00:00,SK481,A319,ARN,OSL,29825.0,392.0,-2176.0,60.1332,13.61559,ADSB,2025-02-22 06:00:57+00:00,246.96857529803071,SAS,245.98914613899433,362.992,1.0942905360245199,246.96857529803071,True
3937dcfc,2025-02-22 05:00:00+00:00,FR4691,B738,ARN,SKG,0.0,18.0,0.0,59.64879,17.92097,ADSB,,1.1834931501845485,MAY,2025-02-22 05:30:00+00:00,FR4691,B738,ARN,SKG,37000.0,445.0,0.0,57.83334,18.06931,ADSB,2025-02-22 08:02:08+00:00,202.5353048945361,MAY,202.05006295359343,412.07,1.1834931501845485,202.5353048945361,True
3937de86,2025-02-22 05:00:00+00:00,FR316,B38M,ARN,OPO,0.0,0.0,0.0,59.64633,17.92747,ADSB,,1.0605657705561866,RYR,2025-02-22 05:30:00+00:00,FR316,B38M,ARN,OPO,30650.0,418.0,1024.0,58.98601,15.34204,ADSB,2025-02-22 08:55:28+00:00,165.00947526606757,RYR,164.03770354096983,387.06800000000004,1.0605657705561866,165.00947526606757,True
3937deb6,2025-02-22 05:00:00+00:00,SK1805,A20N,ARN,PMI,0.0,0.0,0.0,59.65401,17.92905,ADSB,,0.607022187742533,SZS,2025-02-22 05:30:00+00:00,SK1805,A20N,ARN,PMI,35775.0,431.0,1024.0,58.22305,15.8826,ADSB,2025-02-22 08:25:36+00:00,198.05017663652168,SZS,197.72406270386367,399.106,0.607022187742533,198.05017663652168,True
3937e139,,,,,,,,,,,,,,,2025-02-22 05:30:00+00:00,FR1608,B738,ARN,TSF,32750.0,425.0,1536.0,58.53438,16.29583,ADSB,2025-02-22 07:30:08+00:00,155.88318020404415,MAY,,393.55,,155.88318020404415,
3937e430,,,,,,,,,,,,,,,2025-02-22 05:30:00+00:00,SK1827,A20N,ARN,NCE,27875.0,411.0,768.0,58.80344,16.91327,ADSB,2025-02-22 08:04:16+00:00,111.10911093334732,SAS,,380.586,,111.10911093334732,
3937e451,,,,,,,,,,,,,,,2025-02-22 05:30:00+00:00,SK1583,A20N,ARN,AGP,20075.0,366.0,1728.0,59.19603,17.06653,ADSB,2025-02-22 09:21:04+00:00,70.9065142469753,SAS,,338.916,,70.9065142469753,
3937e53c,,,,,,,,,,,,,,,2025-02-22 05:30:00+00:00,FR7603,B738,ARN,BUD,13600.0,345.0,2368.0,59.34037,17.59101,ADSB,2025-02-22 07:17:20+00:00,40.00296588410015,RYR,,319.47,,40.00296588410015,
3937e672,,,,,,,,,,,,,,,2025-02-22 05:30:00+00:00,EW4644,A320,ARN,TRN,8600.0,272.0,2624.0,59.47852,17.6521,ADSB,2025-02-22 07:42:56+00:00,25.325612308151953,EWL,,251.872,,25.325612308151953,
3937e736,,,,,,,,,,,,,,,2025-02-22 05:30:00+00:00,LX1255,A21N,ARN,ZRH,3475.0,190.0,2944.0,59.59901,17.85316,ADSB,2025-02-22 07:32:16+00:00,7.778843803244943,SWR,,175.94,,7.778843803244943,
3937e986,2025-02-22 05:30:00+00:00,AY826,A319,ARN,HEL,0.0,23.0,0.0,59.64694,17.92035,ADSB,,1.3174020039901944,FIN,2025-02-22 06:00:00+00:00,AY826,A319,ARN,HEL,20050.0,376.0,-1984.0,60.30254,22.91227,ADSB,2025-02-22 06:15:28+00:00,285.81972256225833,FIN,287.0790833248279,348.17600000000004,1.3174020039901944,285.81972256225833,True
3937ec79,,,,,,,,,,,,,,,2025-02-22 06:00:00+00:00,JP165,B738,ARN,LPA,36000.0,409.0,0.0,58.62982,13.9009,ADSB,2025-02-22 10:46:24+00:00,256.888514854397,JTD,,378.73400000000004,,256.888514854397,
3937ee71,,,,,,,,,,,,,,,2025-02-22 06:00:00+00:00,LH809,A321,ARN,FRA,26750.0,413.0,1216.0,58.57906,16.66679,ADSB,2025-02-22 07:36:32+00:00,139.83053385722297,DLH,,382.43800000000005,,139.83053385722297,
3937efb7,2025-02-22 06:00:00+00:00,KL1214,B738,ARN,AMS,0.0,5.0,0.0,59.66612,17.92365,ADSB,,1.667233594487231,KLM,2025-02-22 06:30:00+00:00,KL1214,B738,ARN,AMS,38000.0,418.0,0.0,57.44412,13.84973,ADSB,2025-02-22 07:40:48+00:00,341.4500204157588,KLM,341.7789783793712,387.06800000000004,1.667233594487231,341.4500204157588,True
3937f171,,,,,,,,,,,,,,,2025-02-22 06:00:00+00:00,SK7977,A20N,ARN,SZG,12075.0,282.0,3264.0,59.46533,17.5946,ADSB,,28.569773755132204,SZS,,261.132,,28.569773755132204,
3937f328,,,,,,,,,,,,,,,2025-02-22 06:00:00+00:00,SK1417,A20N,ARN,CPH,1775.0,161.0,1792.0,59.62494,17.90914,ADSB,,3.6179383694286775,SAS,,149.086,,3.6179383694286775,
3937f54f,,,,,,,,,,,,,,,2025-02-22 06:00:00+00:00,SN2298,A320,ARN,BRU,4625.0,224.0,1344.0,59.57858,17.78601,ADSB,,12.012974664306396,BEL,,207.424,,12.012974664306396,
3937f986,,,,,,,,,,,,,,,2025-02-22 06:30:00+00:00,D84321,B38M,ARN,NCE,32125.0,454.0,1344.0,58.01102,16.565,ADSB,2025-02-22 08:51:12+00:00,199.0303857794723,NSZ,,420.404,,199.0303857794723,
3937faf7,2025-02-22 06:30:00+00:00,DY898,B738,ARN,FAO,0.0,0.0,0.0,59.64729,17.92685,ADSB,,1.007193684548104,NSZ,2025-02-22 07:00:00+00:00,DY898,B738,ARN,FAO,34550.0,438.0,1216.0,58.07048,15.61033,ADSB,2025-02-22 10:57:04+00:00,221.1663678804831,NSZ,220.16917265241753,405.588,1.007193684548104,221.1663678804831,True
3937fb41,,,,,,,,,,,,,,,2025-02-22 06:30:00+00:00,SK1853,A20N,ARN,ALC,31200.0,425.0,1152.0,58.58459,16.46106,ADSB,2025-02-22 09:53:04+00:00,145.76865460077175,SZS,,393.55,,145.76865460077175,
3937fc94,,,,,,,,,,,,,,,2025-02-22 06:30:00+00:00,SK605,A20N,ARN,ZRH,25875.0,396.0,2112.0,58.96953,16.90027,ADSB,2025-02-22 08:21:20+00:00,96.25430758560843,SZS,,366.696,,96.25430758560843,
3937fe1a,,,,,,,,,,,,,,,2025-02-22 06:30:00+00:00,ET714,B789,ARN,OSL,10675.0,280.0,1280.0,59.5714,17.53784,ADSB,2025-02-22 07:10:56+00:00,24.385411902088634,ETH,,259.28000000000003,,24.385411902088634,
3937fe6b,,,,,,,,,,,,,,,2025-02-22 06:30:00+00:00,BA771,A20N,ARN,LHR,4175.0,223.0,1856.0,59.59166,17.83024,ADSB,,9.236694734111396,BAW,,206.49800000000002,,9.236694734111396,
3937ff4a,2025-02-22 06:30:00+00:00,6B251,B38M,ARN,LPA,0.0,11.0,0.0,59.6633,17.92625,ADSB,,1.3256120315201574,BLX,2025-02-22 07:00:00+00:00,6B251,B38M,ARN,LPA,34000.0,425.0,0.0,57.73548,14.29971,ADSB,2025-02-22 12:20:16+00:00,299.45217943442356,BLX,299.6567505036897,393.55,1.3256120315201574,299.45217943442356,True
39380254,,,,,,,,,,,,,,,2025-02-22 06:30:00+00:00,D84281,B738,ARN,HEL,0.0,14.0,0.0,59.65911,17.92365,ADSB,,1.0988981080226665,NSZ,,12.964,,1.0988981080226665,
393802d1,2025-02-22 06:30:00+00:00,CAO3105,A332,ARN,LGG,0.0,12.0,0.0,59.649,17.92109,ADSB,,1.167163268989704,CAO,2025-02-22 07:00:00+00:00,CAO3105,A332,ARN,LGG,38000.0,434.0,0.0,57.70789,15.3497,ADSB,2025-02-22 08:29:52+00:00,263.0517195315264,CAO,262.0271256346988,401.884,1.167163268989704,263.0517195315264,True
393804fa,,,,,,,,,,,,,,,2025-02-22 07:00:00+00:00,SK1004,CRJ9,ARN,LLA,35000.0,452.0,0.0,61.55145,18.70413,ADSB,2025-02-22 07:42:56+00:00,215.1173271522961,BCY,,418.552,,215.1173271522961,
3938059b,,,,,,,,,,,,,,,2025-02-22 07:00:00+00:00,DK1742,A339,ARN,LPA,24550.0,393.0,1216.0,58.82494,16.3981,ADSB,2025-02-22 12:20:16+00:00,127.18171043938827,VKG,,363.918,,127.18171043938827,
39380673,,,,,,,,,,,,,,,2025-02-22 07:00:00+00:00,D84221,B38M,ARN,AGP,21100.0,397.0,1344.0,58.89156,16.84962,ADSB,2025-02-22 10:46:24+00:00,104.95206780928103,NSZ,,367.622,,104.95206780928103,
39380a94,,,,,,,,,,,,,,,2025-02-22 07:00:00+00:00,LH2421,A21N,ARN,MUC,2500.0,185.0,1920.0,59.608,17.87921,ADSB,,6.103774053364817,DLH,,171.31,,6.103774053364817,
39380a98,,,,,,,,,,,,,,,2025-02-22 07:00:00+00:00,SK2151,AT76,ARN,GOT,9875.0,181.0,960.0,59.54265,17.26721,ADSB,2025-02-22 07:34:24+00:00,39.80643553437023,BRX,,167.606,,39.80643553437023,
39380aba,,,,,,,,,,,,,,,2025-02-22 07:00:00+00:00,LX1258,BCS3,ARN,,0.0,0.0,0.0,59.65463,17.93757,ADSB,,0.1745732149208155,SWR,,inf,,0.1745732149208155,
39380b6c,2025-02-22 07:00:00+00:00,FR4616,B738,ARN,GDN,0.0,4.0,0.0,59.66515,17.92618,ADSB,,1.5006034936924542,RYS,2025-02-22 07:30:00+00:00,FR4616,B738,ARN,GDN,37000.0,430.0,0.0,56.84135,17.20122,ADSB,2025-02-22 08:04:16+00:00,315.6692407830579,RYS,316.8389758909284,398.18,1.5006034936924542,315.6692407830579,True
39380c5f,2025-02-22 07:00:00+00:00,SK66,A20N,ARN,OSD,0.0,0.0,0.0,59.66598,17.92363,ADSB,,1.6548172811327169,SZS,2025-02-22 07:30:00+00:00,SK66,A20N,ARN,OSD,20625.0,394.0,-2560.0,62.32013,15.27883,ADSB,2025-02-22 07:52:30+00:00,329.3487449934299,SZS,327.7128422657811,364.844,1.6548172811327169,329.3487449934299,True
39380dc4,2025-02-22 07:00:00+00:00,VJT517,CL60,ARN,GNB,0.0,0.0,0.0,59.638,17.9185,ADSB,,2.102970287156686,VJT,2025-02-22 07:30:00+00:00,VJT517,CL60,ARN,GNB,38250.0,412.0,768.0,58.17659,15.83272,ADSB,2025-02-22 09:50:57+00:00,203.95228026218774,VJT,201.85141727212067,381.512,2.102970287156686,203.95228026218774,True
39380e1f,2025-02-22 07:00:00+00:00,SK2098,A20N,ARN,TFS,0.0,0.0,0.0,59.65318,17.9273,ADSB,,0.7043072327513025,SZS,2025-02-22 07:30:00+00:00,SK2098,A20N,ARN,TFS,35975.0,400.0,0.0,58.55257,13.7547,ADSB,2025-02-22 12:54:24+00:00,268.43077690739796,SZS,267.77798524418415,370.40000000000003,0.7043072327513025,268.43077690739796,True
39380f48,2025-02-22 07:00:00+00:00,SK689,A20N,ARN,LIN,0.0,0.0,0.0,59.65277,17.9317,ADSB,,0.4640241634385805,SZS,2025-02-22 07:30:00+00:00,SK689,A20N,ARN,LIN,0.0,0.0,0.0,59.65277,17.93172,ADSB,2025-02-22 10:57:04+00:00,0.46292016904939426,SZS,0.0011236006392961507,inf,0.4640241634385805,0.46292016904939426,True
39380f61,2025-02-22 07:00:00+00:00,FR7678,B738,ARN,POZ,0.0,2.0,0.0,59.64703,17.92559,ADSB,,1.078725431808527,RYS,2025-02-22 07:30:00+00:00,FR7678,B738,ARN,POZ,38000.0,424.0,0.0,57.64142,16.64523,ADSB,2025-02-22 08:21:20+00:00,235.93021320706248,RYS,234.98508586046066,392.624,1.078725431808527,235.93021320706248,True
39380f7a,2025-02-22 07:30:00+00:00,SK7881,A20N,ARN,SZG,0.0,0.0,0.0,59.65369,17.93134,ADSB,,0.47644281102164404,SZS,2025-02-22 08:00:00+00:00,SK7881,A20N,ARN,SZG,0.0,0.0,0.0,59.6658,17.92358,ADSB,2025-02-22 09:57:20+00:00,1.6396919225128803,SZS,1.4153557094968843,inf,0.47644281102164404,1.6396919225128803,True
39381174,,,,,,,,,,,,,,,2025-02-22 07:30:00+00:00,W61732,A321,ARN,GDN,30200.0,454.0,1152.0,58.19854,18.23181,ADSB,2025-02-22 08:12:48+00:00,162.65434870207346,WZZ,,420.404,,162.65434870207346,
39381266,,,,,,,,,,,,,,,2025-02-22 07:30:00+00:00,SK14,A20N,ARN,LLA,32875.0,460.0,896.0,60.90308,18.33277,ADSB,2025-02-22 08:21:20+00:00,140.61994291258367,SAS,,425.96000000000004,,140.61994291258367,
393812f1,,,,,,,,,,,,,,,2025-02-22 07:30:00+00:00,D89718,B38M,ARN,VRN,24700.0,422.0,1664.0,58.67323,16.74976,ADSB,2025-02-22 09:53:04+00:00,128.38260703743984,NOZ,,390.772,,128.38260703743984,
393815ab,2025-02-22 07:30:00+00:00,QR170,B788,ARN,DOH,0.0,0.0,0.0,59.66522,17.92614,ADSB,,1.508444637508361,QTR,2025-02-22 08:00:00+00:00,QR170,B788,ARN,DOH,39000.0,490.0,0.0,57.21579,21.18533,ADSB,2025-02-22 13:22:08+00:00,330.31741183464146,QTR,331.8185400893184,453.74,1.508444637508361,330.31741183464146,True
393815af,,,,,,,,,,,,,,,2025-02-22 07:30:00+00:00,SK708,AT76,ARN,HEL,8900.0,219.0,960.0,59.72855,18.49384,ADSB,2025-02-22 08:04:16+00:00,32.18870052918546,BRX,,202.794,,32.18870052918546,
393815c7,,,,,,,,,,,,,,,2025-02-22 07:30:00+00:00,BT102,BCS3,ARN,RIX,6950.0,283.0,2880.0,59.51089,18.03264,ADSB,2025-02-22 08:12:48+00:00,16.701147974677344,BTI,,262.058,,16.701147974677344,
3938169a,,,,,,,,,,,,,,,2025-02-22 07:30:00+00:00,SK401,A20N,ARN,CPH,13075.0,318.0,3264.0,59.43836,17.50094,ADSB,2025-02-22 08:17:04+00:00,34.413842271727994,SZS,,294.468,,34.413842271727994,
39381774,,,,,,,,,,,,,,,2025-02-22 07:30:00+00:00,SK843,A320,ARN,OSL,2800.0,206.0,2624.0,59.59991,17.85599,ADSB,,7.601378676764536,SAS,,190.756,,7.601378676764536,
3938182f,2025-02-22 07:30:00+00:00,SK2943,A20N,ARN,FAO,0.0,0.0,0.0,59.66375,17.92644,ADSB,,1.3609352927575606,SAS,2025-02-22 08:00:00+00:00,SK2943,A20N,ARN,FAO,36000.0,404.0,0.0,58.58295,13.89824,ADSB,2025-02-22 11:39:44+00:00,259.5125470213776,SAS,259.3278200421939,374.10400000000004,1.3609352927575606,259.5125470213776,True
393818da,2025-02-22 09:00:00+00:00,TG960,A359,ARN,,0.0,0.0,0.0,59.65144,17.92647,ADSB,,0.7854705481027456,THA,2025-02-22 09:30:00+00:00,TG960,A359,ARN,,0.0,0.0,0.0,59.65144,17.92646,ADSB,,0.7860068468708737,THA,0.0005618225944157829,inf,0.7854705481027456,0.7860068468708737,True
3938199b,2025-02-22 07:30:00+00:00,LX1239,BCS3,ARN,GVA,0.0,0.0,0.0,59.65465,17.93758,ADSB,,0.1757154097391088,SWR,2025-02-22 08:00:00+00:00,LX1239,BCS3,ARN,GVA,23025.0,382.0,1728.0,58.98196,17.00541,ADSB,2025-02-22 10:10:08+00:00,91.58178418786217,SWR,91.60820118953124,353.732,0.1757154097391088,91.58178418786217,True
393819c6,2025-02-22 07:30:00+00:00,D84241,B38M,ARN,LPA,0.0,0.0,0.0,59.65269,17.92803,ADSB,,0.6689215779300591,NSZ,2025-02-22 08:00:00+00:00,D84241,B38M,ARN,LPA,33100.0,429.0,1024.0,58.0262,15.155,ADSB,2025-02-22 13:15:44+00:00,241.65423030617032,NSZ,241.13557526635742,397.254,0.6689215779300591,241.65423030617032,True
39381c7c,,,,,,,,,,,,,,,2025-02-22 08:00:00+00:00,AY802,A320,ARN,HEL,28975.0,412.0,0.0,60.14328,21.07651,ADSB,2025-02-22 08:23:28+00:00,183.18713459451843,DTR,,381.512,,183.18713459451843,
39381e97,,,,,,,,,,,,,,,2025-02-22 08:00:00+00:00,SK557,CRJ9,ARN,AMS,5575.0,251.0,2560.0,59.55817,17.72232,ADSB,2025-02-22 09:42:24+00:00,16.19228955846131,BCY,,232.42600000000002,,16.19228955846131,
3938201e,,,,,,,,,,,,,,,2025-02-22 08:00:00+00:00,CAT417,B738,ARN,LYS,7900.0,319.0,2496.0,59.42249,17.59584,ADSB,2025-02-22 10:25:42+00:00,32.18816332860288,CAT,,295.394,,32.18816332860288,
39382110,,,,,,,,,,,,,,,2025-02-22 08:00:00+00:00,SK1040,A20N,ARN,KRN,21075.0,389.0,2624.0,60.00113,17.8159,ADSB,2025-02-22 09:18:56+00:00,39.265218038294485,SZS,,360.214,,39.265218038294485,
3938235c,,,,,,,,,,,,,,,2025-02-22 08:00:00+00:00,SK7905,A20N,ARN,INN,2350.0,177.0,1536.0,59.61246,17.89554,ADSB,,5.2024283754657565,SAS,,163.90200000000002,,5.2024283754657565,
393824d8,2025-02-22 08:00:00+00:00,TT2904,A320,ARN,LPA,0.0,24.0,0.0,59.6614,17.92557,ADSB,,1.1845912382629948,BIX,2025-02-22 08:30:00+00:00,TT2904,A320,ARN,LPA,34000.0,424.0,0.0,57.76481,14.48923,ADSB,2025-02-22 13:53:37+00:00,289.4453840325565,BIX,289.50006779265243,392.624,1.1845912382629948,289.4453840325565,True
393824ef,2025-02-22 08:00:00+00:00,SK403,A20N,ARN,CPH,0.0,5.0,0.0,59.66536,17.92603,ADSB,,1.52499001214512,SAS,2025-02-22 08:30:00+00:00,SK403,A20N,ARN,CPH,36000.0,415.0,0.0,57.50784,14.4114,ADSB,2025-02-22 08:55:28+00:00,314.17080038558447,SAS,314.629436494548,384.29,1.52499001214512,314.17080038558447,True
393826ae,2025-02-22 08:00:00+00:00,SK105,AT76,ARN,MMX,0.0,0.0,0.0,59.65226,17.92783,ADSB,,0.688364029165008,BRX,2025-02-22 08:30:00+00:00,SK105,AT76,ARN,MMX,19850.0,212.0,256.0,58.64614,16.45038,ADSB,2025-02-22 09:01:52+00:00,140.5660058917174,BRX,140.04106370550468,196.312,0.688364029165008,140.5660058917174,True
39382741,2025-02-22 08:00:00+00:00,D89612,B38M,ARN,VRN,0.0,0.0,0.0,59.65142,17.92712,ADSB,,0.7513877468168795,NSZ,2025-02-22 08:30:00+00:00,D89612,B38M,ARN,VRN,33350.0,443.0,1152.0,57.84912,16.3981,ADSB,2025-02-22 10:42:08+00:00,219.4535585347028,NSZ,218.9428720005868,410.218,0.7513877468168795,219.4535585347028,True
393829c2,,,,,,,,,,,,,,,2025-02-22 08:30:00+00:00,SK2505,A20N,ARN,AGA,29950.0,417.0,1216.0,58.71236,16.14122,ADSB,2025-02-22 13:26:24+00:00,146.44876904402693,SZS,,386.142,,146.44876904402693,
39382b4c,,,,,,,,,,,,,,,2025-02-22 08:30:00+00:00,DY805,B38M,ARN,OSL,24775.0,376.0,1920.0,59.58957,16.09374,ADSB,2025-02-22 09:01:52+00:00,104.04916334686928,NOZ,,348.17600000000004,,104.04916334686928,
39382d60,,,,,,,,,,,,,,,2025-02-22 08:30:00+00:00,SK77,AT76,ARN,VBY,11975.0,253.0,0.0,59.27055,18.44806,ADSB,2025-02-22 08:59:44+00:00,51.36340078138093,BRX,,234.27800000000002,,51.36340078138093,
39382f96,,,,,,,,,,,,,,,2025-02-22 08:30:00+00:00,SK7243,A20N,ARN,INN,6300.0,282.0,3264.0,59.54503,17.71783,ADSB,2025-02-22 10:46:24+00:00,17.367267287959425,SAS,,261.132,,17.367267287959425,
39383083,2025-02-22 08:30:00+00:00,SK2615,A20N,ARN,GVA,0.0,17.0,0.0,59.66618,17.92481,ADSB,,1.638380411312208,SAS,2025-02-22 09:00:00+00:00,SK2615,A20N,ARN,GVA,36000.0,417.0,0.0,57.09975,14.57379,ADSB,2025-02-22 10:50:40+00:00,345.0907408095045,SAS,345.73299187599537,386.142,1.638380411312208,345.0907408095045,True
3938316a,2025-02-22 08:30:00+00:00,SK7515,A20N,ARN,INN,0.0,13.0,0.0,59.6619,17.92577,ADSB,,1.2188543203686037,SAS,2025-02-22 09:00:00+00:00,SK7515,A20N,ARN,INN,38025.0,425.0,0.0,56.96895,16.00867,ADSB,2025-02-22 10:54:56+00:00,319.08096002441204,SAS,319.6576211822202,393.55,1.2188543203686037,319.08096002441204,True
3938324a,2025-02-22 08:30:00+00:00,FR4648,B738,ARN,FKB,0.0,0.0,0.0,59.6463,17.92756,ADSB,,1.059799155462052,RYR,2025-02-22 09:00:00+00:00,FR4648,B738,ARN,FKB,36000.0,411.0,0.0,58.09062,15.60971,ADSB,2025-02-22 10:42:08+00:00,219.38669681379275,RYR,218.3274857152699,380.586,1.059799155462052,219.38669681379275,True
393833b0,2025-02-22 08:30:00+00:00,SK7201,A20N,ARN,SZG,0.0,2.0,0.0,59.65425,17.9344,ADSB,,0.3141974253664664,SZS,2025-02-22 09:00:00+00:00,SK7201,A20N,ARN,SZG,38000.0,427.0,-64.0,57.54977,16.40877,ADSB,2025-02-22 10:44:16+00:00,250.16246690889213,SZS,250.1245345711202,395.40200000000004,0.3141974253664664,250.16246690889213,True
3938364a,,,,,,,,,,,,,,,2025-02-22 09:00:00+00:00,,PC24,ARN,OSD,16525.0,307.0,3520.0,59.70753,17.50757,ADSB,2025-02-22 09:44:58+00:00,24.99497408290513,SWE,,284.28200000000004,,24.99497408290513,
39383920,,,,,,,,,,,,,,,2025-02-22 09:00:00+00:00,SK7943,A20N,ARN,INN,9800.0,300.0,2112.0,59.46556,17.65558,ADSB,2025-02-22 10:54:56+00:00,26.331345819195977,SAS,,277.8,,26.331345819195977,
39383925,2025-02-22 09:00:00+00:00,LX1235,BCS3,ARN,GVA,0.0,0.0,0.0,59.65347,17.93812,ADSB,,0.0956435188987206,SWR,2025-02-22 09:30:00+00:00,LX1235,BCS3,ARN,GVA,0.0,0.0,0.0,59.65345,17.93811,ADSB,2025-02-22 13:13:36+00:00,0.09642144943018235,SWR,0.0022937592072493056,inf,0.0956435188987206,0.09642144943018235,True
39383a3f,,,,,,,,,,,,,,,2025-02-22 09:00:00+00:00,KL1216,E295,ARN,AMS,575.0,124.0,2816.0,59.645,17.91605,ADSB,,1.638861886158953,KLC,,114.82400000000001,,1.638861886158953,
39383cd2,,,,,,,,,,,,,,,2025-02-22 09:00:00+00:00,SVF624,GLF4,ARN,,7400.0,219.0,4160.0,59.58011,17.79122,ADSB,,11.684071784377108,SVF,,202.794,,11.684071784377108,
39383d2c,2025-02-22 09:00:00+00:00,D85701,B38M,ARN,LPA,0.0,15.0,0.0,59.65958,17.9249,ADSB,,1.0734884006789478,NSZ,2025-02-22 09:30:00+00:00,D85701,B38M,ARN,LPA,36000.0,421.0,0.0,58.11864,13.59788,ADSB,2025-02-22 14:34:40+00:00,302.18404572553,NSZ,301.8398299939669,389.846,1.0734884006789478,302.18404572553,True
39383da5,2025-02-22 09:00:00+00:00,LH801,A321,ARN,FRA,0.0,16.0,0.0,59.66153,17.92561,ADSB,,1.1937853774724834,DLH,2025-02-22 09:30:00+00:00,LH801,A321,ARN,FRA,36000.0,422.0,-64.0,57.2694,14.98216,ADSB,2025-02-22 10:50:40+00:00,315.95955287948493,DLH,316.246657589511,390.772,1.1937853774724834,315.95955287948493,True
393840a0,2025-02-22 09:00:00+00:00,SK1419,A20N,ARN,CPH,0.0,3.0,0.0,59.65229,17.92926,ADSB,,0.6092316461617193,SZS,2025-02-22 09:30:00+00:00,SK1419,A20N,ARN,CPH,38000.0,412.0,0.0,58.13285,15.32996,ADSB,2025-02-22 10:05:52+00:00,225.95633767158927,SZS,225.45198150463418,381.512,0.6092316461617193,225.95633767158927,True
3938465c,,,,,,,,,,,,,,,2025-02-22 09:30:00+00:00,SK1819,A20N,ARN,LPA,21500.0,390.0,2048.0,59.41616,16.52969,ADSB,2025-02-22 15:02:24+00:00,83.76487198229427,SZS,,361.14000000000004,,83.76487198229427,
39384c03,,,,,,,,,,,,,,,2025-02-22 09:30:00+00:00,SK79,AT76,ARN,VBY,950.0,106.0,2624.0,59.63571,17.91257,ADSB,,2.505404503356914,BRX,,98.156,,2.505404503356914,
39384d40,,,,,,,,,,,,,,,2025-02-22 09:30:00+00:00,,A320,ARN,,6700.0,267.0,512.0,59.506,18.19438,MLAT,,21.784974437616164,GJT,,247.24200000000002,,21.784974437616164,
39384fa9,,,,,,,,,,,,,,,2025-02-22 10:00:00+00:00,VY1266,A321,ARN,BCN,34000.0,420.0,64.0,57.80564,15.42114,ADSB,2025-02-22 12:41:36+00:00,251.66591863778865,VLG,,388.92,,251.66591863778865,
3938501e,,,,,,,,,,,,,,,2025-02-22 10:00:00+00:00,FR7618,B738,ARN,PMI,36000.0,416.0,0.0,58.02895,15.54849,ADSB,2025-02-22 12:58:40+00:00,227.04222707102667,RYR,,385.216,,227.04222707102667,
393852af,2025-02-22 10:00:00+00:00,D84527,B738,ARN,RAK,0.0,0.0,0.0,59.65355,17.93561,ADSB,,0.23628839160899184,NSZ,2025-02-22 10:30:00+00:00,D84527,B738,ARN,RAK,18975.0,404.0,2048.0,59.03833,16.97287,ADSB,2025-02-22 15:13:04+00:00,87.66171095583803,NSZ,87.513244476343,374.10400000000004,0.23628839160899184,87.66171095583803,True
393853c8,,,,,,,,,,,,,,,2025-02-22 10:00:00+00:00,D84455,B738,ARN,LGW,21700.0,412.0,1920.0,59.10239,16.84176,ADSB,2025-02-22 12:03:12+00:00,87.31314592419992,NSZ,,381.512,,87.31314592419992,
393853ec,,,,,,,,,,,,,,,2025-02-22 10:00:00+00:00,SK1421,A20N,ARN,CPH,27925.0,394.0,2432.0,58.93483,16.66626,ADSB,2025-02-22 10:42:08+00:00,107.77287848215863,SAS,,364.844,,107.77287848215863,
393853f2,,,,,,,,,,,,,,,2025-02-22 10:00:00+00:00,LO454,E295,ARN,WAW,10400.0,326.0,2496.0,59.33345,18.44815,ADSB,2025-02-22 11:16:16+00:00,45.718285019300644,LOT,,301.87600000000003,,45.718285019300644,
39385785,,,,,,,,,,,,,,,2025-02-22 10:00:00+00:00,SK903,A333,ARN,EWR,1850.0,178.0,1152.0,59.60756,17.89288,ADSB,,5.7539633612447805,SAS,,164.828,,5.7539633612447805,
3938580c,2025-02-22 10:00:00+00:00,FR3077,B38M,ARN,BCN,0.0,15.0,0.0,59.64869,17.92097,ADSB,,1.1885038837752593,RYR,2025-02-22 10:30:00+00:00,FR3077,B38M,ARN,BCN,36000.0,420.0,0.0,57.71887,15.19143,ADSB,2025-02-22 13:15:44+00:00,267.35976350842606,RYR,266.28639244846926,388.92,1.1885038837752593,267.35976350842606,True
39385c45,,,,,,,,,,,,,,,2025-02-22 10:30:00+00:00,D84269,B38M,ARN,TFS,34175.0,419.0,1088.0,58.74287,14.49692,ADSB,2025-02-22 15:49:20+00:00,220.60917368921736,NSZ,,387.994,,220.60917368921736,
393862ba,,,,,,,,,,,,,,,2025-02-22 10:30:00+00:00,BA777,A21N,ARN,LHR,5425.0,270.0,1472.0,59.5648,17.73505,ADSB,2025-02-22 12:41:36+00:00,15.167649244676815,BAW,,250.02,,15.167649244676815,
393866c2,2025-02-22 10:30:00+00:00,SK531,A20N,ARN,LHR,0.0,13.0,0.0,59.66096,17.92543,ADSB,,1.1544867403833168,SZS,2025-02-22 11:00:00+00:00,SK531,A20N,ARN,LHR,36000.0,420.0,0.0,57.73471,14.37836,ADSB,2025-02-22 12:48:00+00:00,296.34575442277276,SZS,296.34976565829874,388.92,1.1544867403833168,296.34575442277276,True
393866d8,2025-02-22 10:30:00+00:00,SK165,AT76,ARN,GOT,0.0,18.0,0.0,59.6658,17.92573,ADSB,,1.57572669199366,BRX,2025-02-22 11:00:00+00:00,SK165,AT76,ARN,GOT,16000.0,253.0,-64.0,59.00514,14.97409,ADSB,2025-02-22 11:31:12+00:00,182.99778110282205,BRX,182.77931632163896,234.27800000000002,1.57572669199366,182.99778110282205,True
39386753,,,,,,,,,,,,,,,2025-02-22 10:30:00+00:00,TG960,A359,ARN,,0.0,0.0,0.0,59.65144,17.92647,ADSB,,0.7854705481027456,THA,,inf,,0.7854705481027456,
39386ab2,2025-02-22 10:30:00+00:00,R66171,A321,ARN,GNB,0.0,3.0,0.0,59.64661,17.92786,ADSB,,1.0226875389224517,DTR,2025-02-22 11:00:00+00:00,R66171,A321,ARN,GNB,29925.0,428.0,1152.0,58.33369,15.46352,ADSB,2025-02-22 13:14:05+00:00,204.07756228234683,DTR,203.05741062744238,396.32800000000003,1.0226875389224517,204.07756228234683,True
39386aee,,,,,,,,,,,,,,,2025-02-22 11:00:00+00:00,KL1218,B738,ARN,AMS,38000.0,415.0,0.0,58.00827,14.86654,ADSB,2025-02-22 12:18:08+00:00,254.41447351426507,KLM,,384.29,,254.41447351426507,
39386f93,2025-02-22 11:00:00+00:00,TG961,A359,ARN,BKK,0.0,0.0,0.0,59.65144,17.92646,ADSB,,0.7860068468708737,THA,2025-02-22 11:30:00+00:00,TG961,A359,ARN,BKK,0.0,0.0,0.0,59.65144,17.92646,ADSB,2025-02-22 22:54:40+00:00,0.7860068468708737,THA,0.0,inf,0.7860068468708737,0.7860068468708737,True
3938743f,,,,,,,,,,,,,,,2025-02-22 11:00:00+00:00,SK1774,A320,ARN,TLL,8000.0,295.0,0.0,59.5755,18.13814,ADSB,2025-02-22 11:39:44+00:00,14.132763545287064,SAS,,273.17,,14.132763545287064,
393875c5,,,,,,,,,,,,,,,2025-02-22 11:00:00+00:00,SK8,CRJ9,ARN,LLA,1900.0,178.0,2112.0,59.61044,17.89673,ADSB,,5.370272649604907,BCY,,164.828,,5.370272649604907,
39387666,2025-02-22 11:00:00+00:00,SK2277,AT76,ARN,SCR,0.0,53.0,0.0,59.65782,17.92067,ADSB,,1.175895069619526,BRX,2025-02-22 11:30:00+00:00,SK2277,AT76,ARN,SCR,15975.0,268.0,-64.0,60.5234,14.73865,ADSB,2025-02-22 11:52:32+00:00,202.11285517888794,BRX,200.9436905242989,248.168,1.175895069619526,202.11285517888794,True
39387691,2025-02-22 11:30:00+00:00,FR4640,B738,ARN,RIX,0.0,0.0,0.0,59.66606,17.92365,ADSB,,1.6616425906939432,MAY,2025-02-22 12:00:00+00:00,FR4640,B738,ARN,RIX,18525.0,379.0,-1984.0,57.64114,22.58652,ADSB,2025-02-22 12:19:52+00:00,349.64133761097247,MAY,351.21181647206856,350.954,1.6616425906939432,349.64133761097247,True
3938782c,2025-02-22 11:00:00+00:00,D85351,B738,ARN,ALC,0.0,0.0,0.0,59.65237,17.92749,ADSB,,0.7046891823844503,NSZ,2025-02-22 11:30:00+00:00,D85351,B738,ARN,ALC,36000.0,423.0,0.0,57.73525,15.15271,ADSB,2025-02-22 14:43:12+00:00,267.21546072618656,NSZ,266.6846116423223,391.69800000000004,0.7046891823844503,267.21546072618656,True
39387e97,2025-02-22 11:30:00+00:00,AF1263,BCS3,ARN,CDG,0.0,0.0,0.0,59.64475,17.92644,ADSB,,1.233379426743582,AFR,2025-02-22 12:00:00+00:00,AF1263,BCS3,ARN,CDG,0.0,7.0,0.0,59.64394,17.92355,ADSB,2025-02-22 14:21:52+00:00,1.4056876592990866,AFR,0.18570495991328223,6.482,1.233379426743582,1.4056876592990866,True
39388385,,,,,,,,,,,,,,,2025-02-22 11:30:00+00:00,FR4692,B738,ARN,STN,1975.0,156.0,1088.0,59.61708,17.9035,ADSB,,4.539566659699354,MAY,,144.45600000000002,,4.539566659699354,
393885f2,2025-02-22 11:30:00+00:00,SK7673,A20N,ARN,LPA,0.0,18.0,0.0,59.66471,17.92649,ADSB,,1.4496802395028012,SZS,2025-02-22 12:00:00+00:00,SK7673,A20N,ARN,LPA,36025.0,409.0,64.0,58.49205,13.04736,ADSB,2025-02-22 17:16:48+00:00,307.88711827113997,SZS,307.67868991561454,378.73400000000004,1.4496802395028012,307.88711827113997,True
39388753,2025-02-22 11:30:00+00:00,LH2415,A321,ARN,MUC,0.0,0.0,0.0,59.65233,17.92838,ADSB,,0.6565228935764812,DLH,2025-02-22 12:00:00+00:00,LH2415,A321,ARN,MUC,34050.0,420.0,0.0,57.5018,16.19651,ADSB,2025-02-22 13:30:40+00:00,259.7087749981708,DLH,259.3279354192461,388.92,0.6565228935764812,259.7087749981708,True
393887d4,,,,,,,,,,,,,,,2025-02-22 11:30:00+00:00,PC1280,A21N,ARN,SAW,9700.0,295.0,2624.0,59.44804,18.16788,ADSB,2025-02-22 14:34:40+00:00,26.217064304118633,PGT,,273.17,,26.217064304118633,
39388a77,,,,,,,,,,,,,,,2025-02-22 12:00:00+00:00,SK7857,A20N,ARN,INN,28800.0,400.0,1088.0,58.69143,17.09088,ADSB,2025-02-22 14:02:40+00:00,117.40847469481264,SAS,,370.40000000000003,,117.40847469481264,
39389098,,,,,,,,,,,,,,,2025-02-22 12:00:00+00:00,D88637,B738,ARN,BCN,23300.0,401.0,1984.0,58.95941,17.1557,ADSB,2025-02-22 15:23:12+00:00,89.09495737605026,NOZ,,371.326,,89.09495737605026,
39389928,2025-02-22 12:00:00+00:00,SK2728,AT76,ARN,TKU,0.0,7.0,0.0,59.65239,17.9282,ADSB,,0.6651010490738597,BRX,2025-02-22 12:30:00+00:00,SK2728,AT76,ARN,TKU,15000.0,284.0,-128.0,60.20983,21.127,ADSB,2025-02-22 12:43:44+00:00,188.00798619467074,BRX,188.66408900260578,262.98400000000004,0.6651010490738597,188.00798619467074,True
39389ccb,,,,,,,,,,,,,,,2025-02-22 12:30:00+00:00,6B431,B38M,ARN,HRG,30275.0,445.0,960.0,58.49694,20.2229,ADSB,2025-02-22 17:01:52+00:00,183.17845779730342,BLX,,412.07,,183.17845779730342,
39389f09,,,,,,,,,,,,,,,2025-02-22 12:30:00+00:00,FI307,B39M,ARN,KEF,17325.0,369.0,1728.0,59.73083,16.66736,ADSB,2025-02-22 15:19:28+00:00,71.9167509053234,ICE,,341.694,,71.9167509053234,
39389fe0,,,,,,,,,,,,,,,2025-02-22 12:30:00+00:00,LX1249,A321,ARN,ZRH,21850.0,388.0,1664.0,58.93556,16.93625,ADSB,2025-02-22 14:21:52+00:00,98.08283048738014,SWR,,359.288,,98.08283048738014,
3938a1b6,,,,,,,,,,,,,,,2025-02-22 12:30:00+00:00,SK81,AT76,ARN,VBY,13000.0,243.0,0.0,59.03577,18.10034,ADSB,2025-02-22 12:56:32+00:00,69.2936436020658,BRX,,225.018,,69.2936436020658,
3938a26c,2025-02-22 13:00:00+00:00,SK2949,A20N,ARN,SVQ,0.0,3.0,0.0,59.6539,17.93161,ADSB,,0.4626871990186655,SZS,2025-02-22 13:30:00+00:00,SK2949,A20N,ARN,SVQ,34675.0,424.0,768.0,58.02777,15.59412,ADSB,2025-02-22 17:14:40+00:00,225.56885941667562,SZS,225.3181883253619,392.624,0.4626871990186655,225.56885941667562,True
3938a340,,,,,,,,,,,,,,,2025-02-22 12:30:00+00:00,AY808,E190,ARN,HEL,20700.0,377.0,2560.0,59.81163,18.71576,ADSB,2025-02-22 13:07:12+00:00,46.90667715724089,FCM,,349.10200000000003,,46.90667715724089,
3938ad77,,,,,,,,,,,,,,,2025-02-22 13:00:00+00:00,LX1247,A20N,ARN,ZRH,35000.0,416.0,0.0,58.1738,16.32772,ADSB,2025-02-22 15:00:16+00:00,188.77277998212656,SWR,,385.216,,188.77277998212656,
3938af1d,,,,,,,,,,,,,,,2025-02-22 13:00:00+00:00,KL1220,B738,ARN,AMS,36825.0,424.0,768.0,58.26508,15.40726,ADSB,2025-02-22 14:19:44+00:00,211.9201969877449,KLM,,392.624,,211.9201969877449,
3938b4d0,,,,,,,,,,,,,,,2025-02-22 13:00:00+00:00,SK7937,A20N,ARN,SZG,21225.0,379.0,2240.0,59.08741,17.37355,ADSB,2025-02-22 14:56:00+00:00,70.65353945659622,SZS,,350.954,,70.65353945659622,
3938b917,,,,,,,,,,,,,,,2025-02-22 13:00:00+00:00,EW5064,A320,ARN,INN,7275.0,253.0,2112.0,59.51669,17.68973,ADSB,2025-02-22 15:04:32+00:00,20.73085593666091,EWL,,234.27800000000002,,20.73085593666091,
3938b998,2025-02-22 13:00:00+00:00,FR4686,B738,ARN,AGP,0.0,0.0,0.0,59.64746,17.92531,ADSB,,1.059266459285031,RYR,2025-02-22 13:30:00+00:00,FR4686,B738,ARN,AGP,14550.0,350.0,2560.0,59.2873,17.38975,ADSB,2025-02-22 17:25:20+00:00,51.22337577426756,RYR,50.19068045742226,324.1,1.059266459285031,51.22337577426756,True
3938bec1,2025-02-22 13:00:00+00:00,FR4626,B738,ARN,KRK,0.0,0.0,0.0,59.64665,17.92644,ADSB,,1.0735922553502981,MAY,2025-02-22 13:30:00+00:00,FR4626,B738,ARN,KRK,37000.0,417.0,0.0,57.51548,17.04165,ADSB,2025-02-22 14:45:20+00:00,243.36865530841735,MAY,242.45587129119775,386.142,1.0735922553502981,243.36865530841735,True
3938c13d,,,,,,,,,,,,,,,2025-02-22 13:30:00+00:00,AY810,E190,ARN,HEL,35000.0,455.0,-64.0,60.2114,21.52165,ADSB,2025-02-22 13:54:08+00:00,208.93556125739693,FCM,,421.33000000000004,,208.93556125739693,
3938c454,,,,,,,,,,,,,,,2025-02-22 13:30:00+00:00,PE765,E170,ARN,ACH,27900.0,411.0,704.0,58.1315,16.79114,ADSB,2025-02-22 15:30:50+00:00,181.6468126072163,PEV,,380.586,,181.6468126072163,
3938c708,,,,,,,,,,,,,,,2025-02-22 13:30:00+00:00,SK1423,CRJ9,ARN,CPH,10700.0,301.0,704.0,59.46523,17.53115,ADSB,2025-02-22 14:17:36+00:00,31.120905042151207,BCY,,278.726,,31.120905042151207,
3938c715,2025-02-22 13:30:00+00:00,TK1790,A21N,ARN,IST,0.0,3.0,0.0,59.65351,17.93423,ADSB,,0.313838703311675,THY,2025-02-22 14:00:00+00:00,TK1790,A21N,ARN,IST,26225.0,457.0,832.0,58.41312,19.93257,ADSB,2025-02-22 16:46:56+00:00,178.93527866897097,THY,179.13602612289014,423.182,0.313838703311675,178.93527866897097,True
3938c72e,,,,,,,,,,,,,,,2025-02-22 13:30:00+00:00,SK489,AT76,ARN,OSL,13175.0,204.0,576.0,59.67796,16.82172,ADSB,2025-02-22 14:02:40+00:00,62.84827253359668,BRX,,188.904,,62.84827253359668,
3938d178,2025-02-22 13:30:00+00:00,TP781,A21N,ARN,LIS,0.0,12.0,0.0,59.6533,17.92278,ADSB,,0.9574520577019159,TAP,2025-02-22 14:00:00+00:00,TP781,A21N,ARN,LIS,34000.0,414.0,0.0,57.84737,14.78618,ADSB,2025-02-22 17:38:08+00:00,270.9198718751463,TAP,270.24192963180633,383.36400000000003,0.9574520577019159,270.9198718751463,True
3938d29d,2025-02-22 13:30:00+00:00,EK158,B77W,ARN,DXB,0.0,0.0,0.0,59.65393,17.93752,ADSB,,0.13590435469210688,UAE,2025-02-22 14:00:00+00:00,EK158,B77W,ARN,DXB,23575.0,437.0,1920.0,58.97303,19.27409,ADSB,2025-02-22 20:01:04+00:00,107.04265665940274,UAE,107.16477634724478,404.66200000000003,0.13590435469210688,107.04265665940274,True
3938daff,,,,,,,,,,,,,,,2025-02-22 14:00:00+00:00,LH803,A320,ARN,FRA,30800.0,410.0,960.0,58.36506,16.31808,ADSB,2025-02-22 15:32:16+00:00,170.71810625449484,DLH,,379.66,,170.71810625449484,
3938df46,,,,,,,,,,,,,,,2025-02-22 14:00:00+00:00,SK527,A20N,ARN,LHR,16275.0,338.0,2688.0,59.36798,17.33472,ADSB,2025-02-22 16:08:32+00:00,46.62249490238779,SZS,,312.988,,46.62249490238779,
3938e4ed,2025-02-22 14:00:00+00:00,IB824,A20N,ARN,MAD,0.0,20.0,0.0,59.6506,17.92168,ADSB,,1.070232573817477,IBE,2025-02-22 14:30:00+00:00,IB824,A20N,ARN,MAD,34950.0,413.0,0.0,57.73758,14.56403,ADSB,2025-02-22 17:31:44+00:00,288.7688897448943,IBE,287.82671469952714,382.43800000000005,1.070232573817477,288.7688897448943,True
3938e631,2025-02-22 14:00:00+00:00,LH2417,A321,ARN,MUC,0.0,4.0,0.0,59.65283,17.9246,ADSB,,0.8585139810734916,DLH,2025-02-22 14:30:00+00:00,LH2417,A321,ARN,MUC,34050.0,418.0,0.0,57.47358,15.87666,ADSB,2025-02-22 16:02:08+00:00,270.2920982261413,DLH,269.8322654987242,387.06800000000004,0.8585139810734916,270.2920982261413,True
3938e7b9,2025-02-22 14:00:00+00:00,SK6071,A20N,ARN,LIN,0.0,0.0,0.0,59.65376,17.93966,ADSB,,0.025462628557870442,SAS,2025-02-22 14:30:00+00:00,SK6071,A20N,ARN,LIN,36000.0,419.0,64.0,57.64398,16.10312,ADSB,2025-02-22 16:38:39+00:00,247.40855796031033,SAS,247.42613369004584,387.994,0.025462628557870442,247.40855796031033,True
3938ef04,,,,,,,,,,,,,,,2025-02-22 14:30:00+00:00,SK7885,A20N,ARN,TRN,29500.0,403.0,1344.0,58.69066,16.90636,ADSB,2025-02-22 17:01:52+00:00,122.19114057904157,SZS,,373.178,,122.19114057904157,
3938f05e,,,,,,,,,,,,,,,2025-02-22 14:30:00+00:00,,E55P,ARN,OSD,30000.0,410.0,256.0,60.26889,17.14464,ADSB,2025-02-22 15:12:52+00:00,81.48998122590591,NJE,,379.66,,81.48998122590591,
3938f4ab,2025-02-22 14:30:00+00:00,OS314,A320,ARN,VIE,0.0,1.0,0.0,59.65083,17.929,ADSB,,0.678515464375025,AUA,2025-02-22 15:00:00+00:00,OS314,A320,ARN,VIE,9750.0,286.0,2240.0,59.44604,18.17773,ADSB,2025-02-22 16:42:40+00:00,26.68581691785719,AUA,26.739913910925075,264.836,0.678515464375025,26.68581691785719,True
3938f584,,,,,,,,,,,,,,,2025-02-22 14:30:00+00:00,SK12,A320,ARN,LLA,19375.0,403.0,1984.0,60.03424,17.80827,ADSB,2025-02-22 15:28:00+00:00,42.96435919573536,SAS,,373.178,,42.96435919573536,
3938f658,,,,,,,,,,,,,,,2025-02-22 14:30:00+00:00,SK1817,A20N,ARN,AGP,8625.0,355.0,3136.0,59.41928,17.59394,ADSB,2025-02-22 18:29:20+00:00,32.538398405104545,SZS,,328.73,,32.538398405104545,
3938f703,,,,,,,,,,,,,,,2025-02-22 14:30:00+00:00,SK710,AT76,ARN,HEL,7725.0,207.0,1088.0,59.58696,18.43167,ADSB,2025-02-22 15:06:40+00:00,28.632891821187517,BRX,,191.68200000000002,,28.632891821187517,
3938f786,,,,,,,,,,,,,,,2025-02-22 14:30:00+00:00,SK2665,A20N,ARN,SZG,6400.0,250.0,3392.0,59.56554,17.74182,ADSB,2025-02-22 16:29:52+00:00,14.825967760436997,SAS,,231.5,,14.825967760436997,
3939010c,,,,,,,,,,,,,,,2025-02-22 15:00:00+00:00,SK1803,A20N,ARN,AGP,36000.0,424.0,0.0,57.85295,15.46636,ADSB,2025-02-22 18:37:52+00:00,245.8115995575712,SZS,,392.624,,245.8115995575712,
3939015c,,,,,,,,,,,,,,,2025-02-22 15:00:00+00:00,FR3656,B38M,ARN,BGY,32025.0,425.0,960.0,58.12308,17.02305,ADSB,2025-02-22 17:06:08+00:00,178.14067030142294,RYR,,393.55,,178.14067030142294,
39390773,,,,,,,,,,,,,,,2025-02-22 15:00:00+00:00,PC5020,A20N,ARN,AYT,25700.0,426.0,1536.0,58.90421,19.0405,ADSB,2025-02-22 18:20:48+00:00,104.16946766435534,PGT,,394.476,,104.16946766435534,
39390958,2025-02-22 15:00:00+00:00,LX1233,BCS3,ARN,GVA,0.0,0.0,0.0,59.654,17.93544,ADSB,,0.25098863095477025,SWR,2025-02-22 15:30:00+00:00,LX1233,BCS3,ARN,GVA,0.0,0.0,0.0,59.65354,17.93392,ADSB,2025-02-22 18:01:36+00:00,0.33123030679752685,SWR,0.0995385794992682,inf,0.25098863095477025,0.33123030679752685,True
39391047,,,,,,,,,,,,,,,2025-02-22 15:00:00+00:00,SK611,A20N,ARN,GVA,2825.0,205.0,2240.0,59.60446,17.87021,ADSB,2025-02-22 17:21:04+00:00,6.715892730604956,SAS,,189.83,,6.715892730604956,
3939150a,,,,,,,,,,,,,,,2025-02-22 15:30:00+00:00,SK409,E195,ARN,CPH,30000.0,416.0,64.0,57.9082,15.04994,ADSB,2025-02-22 16:02:08+00:00,255.6968959815352,SVS,,385.216,,255.6968959815352,
393918aa,,,,,,,,,,,,,,,2025-02-22 15:30:00+00:00,PC1282,B738,ARN,SAW,33650.0,447.0,960.0,58.326,19.96225,ADSB,2025-02-22 18:20:48+00:00,187.63563022936964,PGT,,413.922,,187.63563022936964,
39391aa6,,,,,,,,,,,,,,,2025-02-22 15:30:00+00:00,SK2679,CRJ9,ARN,BER,27600.0,402.0,960.0,58.60531,16.51401,ADSB,2025-02-22 16:32:00+00:00,142.13164366356943,BCY,,372.252,,142.13164366356943,
39391b57,,,,,,,,,,,,,,,2025-02-22 15:30:00+00:00,LX1251,A321,ARN,ZRH,27700.0,418.0,896.0,58.44619,16.22049,ADSB,2025-02-22 17:14:40+00:00,166.39401361321356,SWR,,387.06800000000004,,166.39401361321356,
3939276f,,,,,,,,,,,,,,,2025-02-22 15:30:00+00:00,,A320,ARN,NYO,0.0,11.0,0.0,59.65596,17.92358,ADSB,,0.950794748803501,WZZ,,10.186,,0.950794748803501,
3939291c,,,,,,,,,,,,,,,2025-02-22 15:30:00+00:00,SK163,AT76,ARN,GOT,5475.0,182.0,1280.0,59.59785,17.59653,ADSB,2025-02-22 16:08:32+00:00,20.270556707277535,BRX,,168.532,,20.270556707277535,
393929e3,2025-02-22 15:30:00+00:00,,PC24,ARN,VBY,0.0,0.0,0.0,59.65646,17.9545,ADSB,,0.8862901764528504,SWE,2025-02-22 16:00:00+00:00,,PC24,ARN,VBY,15800.0,301.0,-2688.0,58.29506,18.44808,ADSB,2025-02-22 16:18:17+00:00,153.83848952717156,SWE,153.99981035654292,278.726,0.8862901764528504,153.83848952717156,True
39392beb,2025-02-22 15:30:00+00:00,D89616,B38M,ARN,TRN,0.0,0.0,0.0,59.64703,17.92419,ADSB,,1.1382329932388746,NSZ,2025-02-22 16:00:00+00:00,D89616,B38M,ARN,TRN,34525.0,413.0,1088.0,58.15205,16.094,ADSB,2025-02-22 18:14:24+00:00,197.75265636058222,NSZ,196.66604439067828,382.43800000000005,1.1382329932388746,197.75265636058222,True
39392cd0,2025-02-22 15:30:00+00:00,SK2617,A20N,ARN,GVA,0.0,0.0,0.0,59.65299,17.93303,ADSB,,0.3861947531732005,SZS,2025-02-22 16:00:00+00:00,SK2617,A20N,ARN,GVA,38025.0,421.0,0.0,57.59685,15.97988,ADSB,2025-02-22 17:57:20+00:00,255.2678673302383,SZS,255.0387706145412,389.846,0.3861947531732005,255.2678673302383,True
39392ce7,2025-02-22 15:30:00+00:00,SK1492,A20N,ARN,TOS,0.0,0.0,0.0,59.65448,17.93342,ADSB,,0.3740532935445238,SAS,2025-02-22 16:00:00+00:00,SK1492,A20N,ARN,TOS,38025.0,461.0,0.0,62.0284,17.20175,ADSB,2025-02-22 17:16:48+00:00,267.07758943864275,SAS,266.92310820132946,426.886,0.3740532935445238,267.07758943864275,True
39392e0a,,,,,,,,,,,,,,,2025-02-22 15:30:00+00:00,,A20N,ARN,,0.0,0.0,0.0,59.65326,17.93136,ADSB,,0.4761052577502615,SZS,,inf,,0.4761052577502615,
39392f12,2025-02-22 15:30:00+00:00,D89720,B38M,ARN,TRN,0.0,0.0,0.0,59.64708,17.9274,ADSB,,1.0016999162766322,NOZ,2025-02-22 16:00:00+00:00,D89720,B38M,ARN,TRN,26600.0,425.0,1536.0,58.5081,16.55622,ADSB,2025-02-22 18:20:48+00:00,149.89848950211362,NOZ,148.91782183783332,393.55,1.0016999162766322,149.89848950211362,True
39392ff5,,,,,,,,,,,,,,,2025-02-22 16:00:00+00:00,SK1605,A20N,ARN,ZRH,35750.0,401.0,832.0,58.27954,16.43893,ADSB,2025-02-22 17:48:48+00:00,175.33256445272235,SAS,,371.326,,175.33256445272235,
39393150,,,,,,,,,,,,,,,2025-02-22 16:30:00+00:00,SK615,A20N,ARN,GVA,27775.0,392.0,1472.0,58.86577,16.96583,ADSB,2025-02-22 18:48:32+00:00,103.62053773099464,SZS,,362.992,,103.62053773099464,
3939379d,,,,,,,,,,,,,,,2025-02-22 16:00:00+00:00,FR4622,B738,ARN,TLL,25025.0,404.0,2048.0,59.44646,19.2972,ADSB,2025-02-22 16:36:16+00:00,79.88053411479446,MAY,,374.10400000000004,,79.88053411479446,
39393b57,,,,,,,,,,,,,,,2025-02-22 16:00:00+00:00,SK2689,A20N,ARN,MXP,8900.0,294.0,3264.0,59.49609,17.66175,ADSB,2025-02-22 18:46:24+00:00,23.48849701297426,SAS,,272.244,,23.48849701297426,
393949d4,,,,,,,,,,,,,,,2025-02-22 16:30:00+00:00,SK7891,A20N,ARN,TRN,31450.0,409.0,1024.0,58.61732,16.41579,ADSB,2025-02-22 18:48:32+00:00,144.3331996040459,SZS,,378.73400000000004,,144.3331996040459,
393953b3,,,,,,,,,,,,,,,2025-02-22 16:30:00+00:00,LH807,A20N,ARN,FRA,650.0,141.0,3072.0,59.64249,17.91482,ADSB,,1.8664484888843558,DLH,,130.566,,1.8664484888843558,
393958c3,2025-02-22 16:30:00+00:00,SK7203,A20N,ARN,TRN,0.0,16.0,0.0,59.65465,17.92593,ADSB,,0.7897023604321218,SZS,2025-02-22 17:00:00+00:00,SK7203,A20N,ARN,TRN,38000.0,416.0,0.0,57.35083,14.7149,ADSB,2025-02-22 19:20:32+00:00,317.19674625109644,SZS,316.819233235079,385.216,0.7897023604321218,317.19674625109644,True
39395c25,2025-02-22 16:30:00+00:00,KL1224,B738,ARN,AMS,0.0,3.0,0.0,59.64358,17.92779,ADSB,,1.2978326639463276,KLM,2025-02-22 17:00:00+00:00,KL1224,B738,ARN,AMS,37000.0,416.0,896.0,58.39438,15.59399,ADSB,2025-02-22 18:20:48+00:00,193.9543782867627,KLM,192.69225186743176,385.216,1.2978326639463276,193.9543782867627,True
39395d6f,,,,,,,,,,,,,,,2025-02-22 17:00:00+00:00,D84329,B738,ARN,LYS,35000.0,426.0,-64.0,58.18434,15.27475,ADSB,2025-02-22 19:05:36+00:00,223.78351442946462,NSZ,,394.476,,223.78351442946462,
3939669c,,,,,,,,,,,,,,,2025-02-22 17:00:00+00:00,SK2659,A20N,ARN,MUC,19775.0,350.0,2304.0,59.28557,17.46359,ADSB,2025-02-22 18:48:32+00:00,48.96734192970554,SZS,,324.1,,48.96734192970554,
39396ad8,2025-02-22 17:00:00+00:00,FR4771,B738,ARN,CGN,0.0,124.0,-64.0,59.65618,17.92003,ADSB,,1.1494781145024482,MAY,2025-02-22 17:30:00+00:00,FR4771,B738,ARN,CGN,38000.0,401.0,0.0,57.23211,14.47892,ADSB,2025-02-22 18:48:32+00:00,336.14913816680865,MAY,335.69232379615784,371.326,1.1494781145024482,336.14913816680865,True
39396b29,,,,,,,,,,,,,,,2025-02-22 17:00:00+00:00,AY816,E190,ARN,HEL,3050.0,184.0,3008.0,59.58852,17.90387,ADSB,,7.507682177129978,FCM,,170.38400000000001,,7.507682177129978,
39396b9c,2025-02-22 17:00:00+00:00,CAT423,B738,ARN,SZG,0.0,13.0,0.0,59.66543,17.92598,ADSB,,1.5331219634447304,CAT,2025-02-22 17:30:00+00:00,CAT423,B738,ARN,SZG,38000.0,421.0,0.0,56.96283,16.00262,ADSB,2025-02-22 19:00:08+00:00,319.84564522980736,CAT,320.7918417529092,389.846,1.5331219634447304,319.84564522980736,True
39396e13,2025-02-22 17:00:00+00:00,D84473,B738,ARN,SZG,0.0,17.0,0.0,59.66029,17.92517,ADSB,,1.1132690908115854,NSZ,2025-02-22 17:30:00+00:00,D84473,B738,ARN,SZG,37025.0,424.0,0.0,57.23671,15.70212,ADSB,2025-02-22 18:54:56+00:00,298.5833505747917,NSZ,298.88371855281514,392.624,1.1132690908115854,298.5833505747917,True
39396fa0,2025-02-22 17:00:00+00:00,SK1429,A20N,ARN,CPH,0.0,0.0,0.0,59.65435,17.93527,ADSB,,0.2706180266454374,SZS,2025-02-22 17:30:00+00:00,SK1429,A20N,ARN,CPH,0.0,13.0,0.0,59.65942,17.92488,ADSB,2025-02-22 18:27:12+00:00,1.0633452974612874,SZS,0.8114541193607622,12.038,0.2706180266454374,1.0633452974612874,True
39396fc2,2025-02-22 17:00:00+00:00,BA781,A21N,ARN,LHR,0.0,0.0,0.0,59.6429,17.92801,ADSB,,1.3568749697973592,BAW,2025-02-22 17:30:00+00:00,BA781,A21N,ARN,LHR,35425.0,421.0,1024.0,58.18816,15.34818,ADSB,2025-02-22 19:26:56+00:00,220.6061355436402,BAW,219.29119818566244,389.846,1.3568749697973592,220.6061355436402,True
393972e4,,,,,,,,,,,,,,,2025-02-22 17:30:00+00:00,D89610,B38M,ARN,TRN,33300.0,395.0,128.0,58.19119,16.4849,ADSB,2025-02-22 19:31:12+00:00,182.78689930392162,NSZ,,365.77000000000004,,182.78689930392162,
393974b9,,,,,,,,,,,,,,,2025-02-22 17:30:00+00:00,SK2026,CRJ9,ARN,UME,28475.0,461.0,960.0,60.78768,18.17992,ADSB,2025-02-22 18:03:44+00:00,126.80503572139564,BCY,,426.886,,126.80503572139564,
39397b08,,,,,,,,,,,,,,,2025-02-22 17:30:00+00:00,SK85,AT76,ARN,VBY,12025.0,227.0,0.0,59.28291,18.20618,ADSB,2025-02-22 17:59:28+00:00,43.873466849066986,BRX,,210.202,,43.873466849066986,
39397b9a,,,,,,,,,,,,,,,2025-02-22 17:30:00+00:00,AF1063,A321,ARN,CDG,29700.0,403.0,448.0,58.57013,15.9984,ADSB,2025-02-22 19:26:56+00:00,163.677933989687,AFR,,373.178,,163.677933989687,
39397c0f,,,,,,,,,,,,,,,2025-02-22 17:30:00+00:00,QY6788,A306,ARN,LHR,26125.0,417.0,1216.0,59.32082,15.94958,ADSB,2025-02-22 19:33:20+00:00,118.29185005462097,BCS,,386.142,,118.29185005462097,
39397c1e,,,,,,,,,,,,,,,2025-02-22 17:30:00+00:00,CA912,A359,ARN,PEK,5400.0,228.0,2368.0,59.54196,17.96814,ADSB,,12.509637350235696,CCA,,211.12800000000001,,12.509637350235696,
39398ec9,2025-02-22 18:00:00+00:00,,PC24,ARN,UME,0.0,0.0,0.0,59.65899,17.92109,ADSB,,1.2137166132027808,SWE,2025-02-22 18:30:00+00:00,,PC24,ARN,UME,35000.0,426.0,-64.0,62.35947,18.97392,ADSB,2025-02-22 18:55:50+00:00,305.9934938783427,SWE,305.5827299321892,394.476,1.2137166132027808,305.9934938783427,True
3939943d,,,,,,,,,,,,,,,2025-02-22 18:00:00+00:00,SK20,A20N,ARN,LLA,9450.0,323.0,3392.0,59.593,17.58481,ADSB,2025-02-22 19:00:48+00:00,21.066450309230728,SAS,,299.098,,21.066450309230728,
39399509,,,,,,,,,,,,,,,2025-02-22 18:00:00+00:00,LH2419,A320,ARN,MUC,2525.0,187.0,1792.0,59.60581,17.87542,ADSB,,6.424948668307046,DLH,,173.162,,6.424948668307046,
39399e6c,,,,,,,,,,,,,,,2025-02-22 18:30:00+00:00,FR4718,B738,ARN,STN,38000.0,394.0,0.0,58.37141,13.12583,ADSB,2025-02-22 20:07:28+00:00,310.1865383974436,MAY,,364.844,,310.1865383974436,
3939a138,,,,,,,,,,,,,,,2025-02-22 18:30:00+00:00,LH805,A20N,ARN,FRA,28150.0,433.0,1856.0,58.68265,16.65589,ADSB,2025-02-22 20:01:04+00:00,130.41328575360143,DLH,,400.958,,130.41328575360143,
3939a5a5,,,,,,,,,,,,,,,2025-02-22 18:30:00+00:00,SK26,A320,ARN,UME,23350.0,434.0,1792.0,60.18585,17.888,ADSB,2025-02-22 19:09:52+00:00,59.26001630273803,SAS,,401.884,,59.26001630273803,
3939ad45,2025-02-22 18:30:00+00:00,OS2628,A320,ARN,INN,0.0,0.0,0.0,59.65128,17.92811,ADSB,,0.7042271160057406,AUA,2025-02-22 19:00:00+00:00,OS2628,A320,ARN,INN,0.0,15.0,0.0,59.65281,17.92453,ADSB,2025-02-22 21:20:00+00:00,0.8626378225753423,AUA,0.26343203321890224,13.89,0.7042271160057406,0.8626378225753423,True
3939af73,2025-02-22 18:30:00+00:00,SK1409,A20N,ARN,CPH,0.0,0.0,0.0,59.65302,17.9331,ADSB,,0.3817888130543711,SZS,2025-02-22 19:00:00+00:00,SK1409,A20N,ARN,CPH,36000.0,410.0,0.0,57.92976,15.08449,ADSB,2025-02-22 19:31:12+00:00,252.54922822682005,SZS,252.2540718869129,379.66,0.3817888130543711,252.54922822682005,True
3939b83a,,,,,,,,,,,,,,,2025-02-22 19:00:00+00:00,FR756,A320,ARN,VIE,34475.0,421.0,1024.0,57.78493,17.377,ADSB,2025-02-22 20:28:48+00:00,210.30403421144618,LDA,,389.846,,210.30403421144618,
3939b9d8,,,,,,,,,,,,,,,2025-02-22 19:00:00+00:00,FR6098,B738,ARN,GDN,24300.0,387.0,2240.0,59.02717,17.18925,ADSB,2025-02-22 19:50:24+00:00,81.62201570152614,MAY,,358.362,,81.62201570152614,
3939c350,2025-02-22 19:00:00+00:00,LO458,E190,ARN,WAW,0.0,11.0,0.0,59.64745,17.92136,ADSB,,1.2387669987988612,LOT,2025-02-22 19:30:00+00:00,LO458,E190,ARN,WAW,35000.0,426.0,-64.0,57.42201,17.89055,ADSB,2025-02-22 20:28:48+00:00,248.15182462238087,LOT,247.46409164094223,394.476,1.2387669987988612,248.15182462238087,True
3939cd20,2025-02-22 19:30:00+00:00,6B729,B789,ARN,HKT,0.0,147.0,0.0,59.65171,17.91851,ADSB,,1.2142433758136972,BLX,2025-02-22 20:00:00+00:00,6B729,B789,ARN,HKT,37000.0,451.0,-64.0,56.59172,17.54225,ADSB,2025-02-23 06:47:28+00:00,341.25724342328994,BLX,340.9705319187536,417.62600000000003,1.2142433758136972,341.25724342328994,True
3939deae,,,,,,,,,,,,,,,2025-02-22 20:00:00+00:00,FR4047,B738,ARN,VNO,28375.0,430.0,1600.0,58.86095,19.46539,ADSB,2025-02-22 20:54:24+00:00,123.63424469178057,RYS,,398.18,,123.63424469178057,
3939edd6,2025-02-22 20:00:00+00:00,AY820,AT75,ARN,HEL,0.0,3.0,0.0,59.64446,17.92564,ADSB,,1.2864386328408355,FCM,2025-02-22 20:30:00+00:00,AY820,AT75,ARN,HEL,17000.0,290.0,64.0,60.1156,20.85225,ADSB,2025-02-22 20:58:40+00:00,170.4012840095599,FCM,171.48237831201763,268.54,1.2864386328408355,170.4012840095599,True
3939eeca,,,,,,,,,,,,,,,2025-02-22 20:30:00+00:00,ET715,B789,ARN,ADD,30775.0,485.0,1152.0,58.42186,19.80374,ADSB,2025-02-23 03:09:52+00:00,173.55758633700697,ETH,,449.11,,173.55758633700697,
393a0ae5,,,,,,,,,,,,,,,2025-02-22 21:00:00+00:00,SK1772,A20N,ARN,TLL,27000.0,414.0,1984.0,59.49678,19.45555,ADSB,2025-02-22 21:32:48+00:00,87.11070708550153,SAS,,383.36400000000003,,87.11070708550153,
393a183e,,,,,,,,,,,,,,,2025-02-22 21:30:00+00:00,FR4605,B738,ARN,KUN,33000.0,405.0,0.0,58.56793,19.75173,ADSB,2025-02-22 22:19:44+00:00,158.95579101454751,RYS,,375.03000000000003,,158.95579101454751,
393a24de,,,,,,,,,,,,,,,2025-02-22 21:30:00+00:00,,BCS3,ARN,,0.0,0.0,0.0,59.65355,17.93558,ADSB,,0.2379737488699668,SWR,,inf,,0.2379737488699668,
