fr24_id,Timestamp_start,Flight_start,Aircraft_start,Origin_start,Destination_start,Altitude_start,Ground_Speed_start,Vertical_Speed_start,Lat_start,Lon_start,Source_start,ETA_start,distance_to_airport_start,operating_as_start,Timestamp_end,Flight_end,Aircraft_end,Origin_end,Destination_end,Altitude_end,Ground_Speed_end,Vertical_Speed_end,Lat_end,Lon_end,Source_end,ETA_end,distance_to_airport_end,operating_as_end,Start_end_Distance_km,Max_Possible_Distance_km_end,Distance_From_Airport_Start_km,Distance_From_Airport_End_km,Coord_end in Airport Bounds
393545bb,2025-02-22 00:30:00+00:00,DK2565,A339,HKT,ARN,29150.0,412.0,-1024.0,58.5318,17.83392,MLAT,2025-02-22 00:59:05+00:00,124.87886428264581,VKG,2025-02-22 01:00:00+00:00,DK2565,A339,HKT,ARN,0.0,16.0,0.0,59.65667,17.9436,ADSB,,0.40734680295529724,VKG,125.236548819176,14.816,124.87886428264581,0.40734680295529724,True
39363ec9,2025-02-22 05:30:00+00:00,TG960,A359,BKK,ARN,31575.0,451.0,-2816.0,58.38449,17.89678,MLAT,2025-02-22 06:02:43+00:00,141.1339677299962,THA,2025-02-22 06:00:00+00:00,TG960,A359,BKK,ARN,0.0,28.0,-64.0,59.64812,17.9204,MLAT,,1.2465363821169608,THA,140.5157477678587,25.928,141.1339677299962,1.2465363821169608,True
39365805,2025-02-22 03:30:00+00:00,CA3157,A332,CTU,ARN,15875.0,345.0,-1536.0,60.01136,19.47246,MLAT,2025-02-22 03:46:40+00:00,94.43024437615692,CAO,2025-02-22 04:00:00+00:00,CA3157,A332,CTU,ARN,0.0,0.0,0.0,59.63115,17.95244,ADSB,2025-02-22 03:44:41+00:00,2.58929500863161,CAO,94.8996127232838,,94.43024437615692,2.58929500863161,True
39369707,2025-02-22 05:00:00+00:00,CAO3105,A332,CTU,ARN,1525.0,131.0,-640.0,59.72433,17.98632,ADSB,2025-02-22 05:01:38+00:00,8.29231698629194,CAO,,,,,,,,,,,,,,,,,8.29231698629194,,
3936d378,2025-02-22 00:00:00+00:00,FR8418,B38M,TIA,ARN,3375.0,163.0,-128.0,59.84917,18.03575,MLAT,2025-02-22 00:02:52+00:00,22.406433149205327,RYR,,,,,,,,,,,,,,,,,22.406433149205327,,
3936e3b5,2025-02-22 04:30:00+00:00,ET714,B789,ADD,ARN,30925.0,441.0,-2048.0,58.18746,17.85331,MLAT,2025-02-22 05:02:13+00:00,163.09678402542315,ETH,2025-02-22 05:00:00+00:00,ET714,B789,ADD,ARN,0.0,11.0,0.0,59.64035,17.93622,ADSB,,1.481064992567306,ETH,161.62407366579103,10.186,163.09678402542315,1.481064992567306,True
39371ab9,2025-02-22 05:00:00+00:00,QR169,B788,DOH,ARN,16625.0,369.0,-1600.0,58.64203,17.98476,MLAT,2025-02-22 05:17:57+00:00,112.50452411248888,QTR,2025-02-22 05:30:00+00:00,QR169,B788,DOH,ARN,0.0,10.0,0.0,59.65741,17.95123,ADSB,,0.7718949409086232,QTR,112.92128710872227,9.26,112.50452411248888,0.7718949409086232,True
39371eaf,2025-02-22 06:00:00+00:00,SK904,A333,EWR,ARN,17375.0,423.0,-2304.0,59.8807,16.34557,ADSB,2025-02-22 06:26:10+00:00,92.76165694988501,SAS,,,,,,,,,,,,,,,,,92.76165694988501,,
39379a2e,2025-02-22 03:00:00+00:00,D88862,B38M,CPH,ARN,22950.0,429.0,-3136.0,59.10081,16.83674,ADSB,2025-02-22 03:25:19+00:00,87.6400279222912,NSZ,,,,,,,,,,,,,,,,,87.6400279222912,,
3937b80c,2025-02-22 16:00:00+00:00,6B356,B789,HKT,ARN,19200.0,368.0,-1600.0,58.7542,17.99055,MLAT,2025-02-22 16:19:31+00:00,100.04429460012581,BLX,2025-02-22 16:30:00+00:00,6B356,B789,HKT,ARN,0.0,0.0,0.0,59.65316,17.938,ADSB,,0.1106391363750658,BLX,100.00454173831562,,100.04429460012581,0.1106391363750658,True
3937cfa6,2025-02-22 06:00:00+00:00,D88860,B38M,CPH,ARN,650.0,100.0,-640.0,59.68053,17.97025,ADSB,2025-02-22 05:58:14+00:00,3.4531785534787187,NOZ,,,,,,,,,,,,,,,,,3.4531785534787187,,
3937dba5,2025-02-22 05:30:00+00:00,FR4617,B738,GDN,ARN,38000.0,410.0,0.0,57.65315,17.79198,MLAT,2025-02-22 05:58:24+00:00,222.59794890321436,RYS,,,,,,,,,,,,,,,,,222.59794890321436,,
3937dc15,2025-02-22 08:00:00+00:00,FR7619,B738,PMI,ARN,31275.0,401.0,-1024.0,58.04645,17.32225,ADSB,2025-02-22 08:32:40+00:00,182.19496025544035,RYR,2025-02-22 08:30:00+00:00,FR7619,B738,PMI,ARN,0.0,15.0,0.0,59.64244,17.95235,ADSB,,1.4215353887949196,RYR,181.127965887401,13.89,182.19496025544035,1.4215353887949196,True
3937dc39,2025-02-22 06:00:00+00:00,FR7679,B738,POZ,ARN,25650.0,361.0,-1024.0,58.57375,17.83026,ADSB,2025-02-22 06:26:02+00:00,120.23042148661105,RYS,2025-02-22 06:30:00+00:00,FR7679,B738,POZ,ARN,0.0,9.0,0.0,59.64709,17.92037,ADSB,,1.3072353914786434,RYS,119.4607344572381,8.334,120.23042148661105,1.3072353914786434,True
3937dcfd,2025-02-22 11:00:00+00:00,EK157,B77W,DXB,ARN,34000.0,458.0,0.0,59.36774,21.21907,MLAT,2025-02-22 11:22:40+00:00,187.6979835365628,UAE,2025-02-22 11:30:00+00:00,EK157,B77W,DXB,ARN,0.0,16.0,0.0,59.65622,17.94003,ADSB,,0.29768926909851173,UAE,187.72942147543748,14.816,187.6979835365628,0.29768926909851173,True
3937dd08,2025-02-22 05:30:00+00:00,SK1783,A20N,TLL,ARN,19450.0,341.0,-2496.0,59.67807,19.50606,MLAT,2025-02-22 05:50:58+00:00,87.99765579067319,SAS,,,,,,,,,,,,,,,,,87.99765579067319,,
3937dd49,2025-02-22 06:00:00+00:00,W61731,A321,GDN,ARN,2400.0,151.0,-128.0,59.77087,18.00363,MLAT,2025-02-22 06:03:11+00:00,13.527891710177062,WZZ,,,,,,,,,,,,,,,,,13.527891710177062,,
3937dee4,2025-02-22 10:00:00+00:00,PC1279,A21N,SAW,ARN,5425.0,280.0,-1600.0,59.63475,18.24109,MLAT,2025-02-22 10:05:53+00:00,17.058424539404946,PGT,,,,,,,,,,,,,,,,,17.058424539404946,,
3937e206,2025-02-22 06:00:00+00:00,BT101,BCS3,RIX,ARN,30000.0,406.0,0.0,58.62085,20.14831,ADSB,2025-02-22 06:26:08+00:00,170.4414777179434,BTI,2025-02-22 06:30:00+00:00,BT101,BCS3,RIX,ARN,0.0,15.0,0.0,59.64401,17.92465,ADSB,,1.3602346364769489,BTI,170.38512906144751,13.89,170.4414777179434,1.3602346364769489,True
3937e350,2025-02-22 08:00:00+00:00,VY1265,A321,BCN,ARN,22200.0,421.0,-2432.0,59.27994,16.16885,ADSB,2025-02-22 08:23:54+00:00,108.32230121110658,VLG,,,,,,,,,,,,,,,,,108.32230121110658,,
3937e3de,2025-02-22 08:30:00+00:00,FR3076,B38M,BCN,ARN,2225.0,149.0,-832.0,59.75848,17.99899,ADSB,2025-02-22 08:31:55+00:00,12.131130920230937,RYR,,,,,,,,,,,,,,,,,12.131130920230937,,
3937e930,2025-02-22 06:00:00+00:00,CAT9417,B738,AAR,ARN,39000.0,446.0,0.0,58.48187,14.32032,ADSB,2025-02-22 06:32:15+00:00,244.43535781994382,CAT,2025-02-22 06:30:00+00:00,CAT9417,B738,AAR,ARN,0.0,16.0,0.0,59.63417,17.95303,ADSB,2025-02-22 06:28:45+00:00,2.2787808714905187,CAT,243.98672103115624,14.816,244.43535781994382,2.2787808714905187,True
3937ea45,2025-02-22 07:30:00+00:00,FR4649,B738,FKB,ARN,2375.0,151.0,-128.0,59.78006,18.0065,ADSB,2025-02-22 07:32:01+00:00,14.556268763557439,RYR,,,,,,,,,,,,,,,,,14.556268763557439,,
3937ec39,2025-02-22 08:00:00+00:00,JU380,A320,BEG,ARN,2375.0,186.0,-64.0,59.79998,18.01512,MLAT,2025-02-22 08:01:35+00:00,16.821098106393542,GJT,,,,,,,,,,,,,,,,,16.821098106393542,,
3937ee51,2025-02-22 07:30:00+00:00,SK1489,A20N,TOS,ARN,9975.0,309.0,-2304.0,60.15775,18.2588,ADSB,2025-02-22 07:41:01+00:00,58.818221009144956,SAS,,,,,,,,,,,,,,,,,58.818221009144956,,
3937ef18,2025-02-22 07:00:00+00:00,SK400,A20N,CPH,ARN,37000.0,444.0,0.0,57.85815,16.23615,ADSB,2025-02-22 07:25:52+00:00,222.49226928344214,SAS,2025-02-22 07:30:00+00:00,SK400,A20N,CPH,ARN,0.0,82.0,0.0,59.63869,17.95523,ADSB,2025-02-22 07:29:45+00:00,1.8651079752557427,SAS,221.41743559920832,75.932,222.49226928344214,1.8651079752557427,True
3937f08c,2025-02-22 06:30:00+00:00,AY801,A320,HEL,ARN,23575.0,394.0,-2432.0,59.99736,20.16565,MLAT,2025-02-22 06:54:25+00:00,130.13760034826439,DTR,,,,,,,,,,,,,,,,,130.13760034826439,,
3937f0bc,2025-02-22 06:30:00+00:00,SK27,A20N,UME,ARN,3600.0,230.0,-576.0,59.90919,18.0799,ADSB,2025-02-22 06:33:16+00:00,29.48766086910597,SZS,,,,,,,,,,,,,,,,,29.48766086910597,,
3937f215,2025-02-22 08:00:00+00:00,LX1234,BCS3,GVA,ARN,37000.0,458.0,0.0,58.02434,14.18005,ADSB,2025-02-22 08:29:52+00:00,282.0898639547696,SWR,2025-02-22 08:30:00+00:00,LX1234,BCS3,GVA,ARN,0.0,38.0,0.0,59.634,17.95284,ADSB,2025-02-22 08:29:06+00:00,2.2932312385641733,SWR,281.3248511313877,35.188,282.0898639547696,2.2932312385641733,True
3937f36c,2025-02-22 06:30:00+00:00,SK402,A20N,CPH,ARN,37025.0,412.0,0.0,58.11397,16.31284,ADSB,2025-02-22 06:56:00+00:00,195.04421742172792,SAS,2025-02-22 07:00:00+00:00,SK402,A20N,CPH,ARN,0.0,19.0,0.0,59.65724,17.94806,ADSB,,0.6190985030101697,SAS,195.62941224264657,17.594,195.04421742172792,0.6190985030101697,True
3937f3cf,2025-02-22 07:30:00+00:00,LH800,A321,FRA,ARN,31800.0,462.0,-1856.0,58.56844,15.27534,ADSB,2025-02-22 08:02:57+00:00,194.1227333357194,DLH,2025-02-22 08:00:00+00:00,LH800,A321,FRA,ARN,0.0,17.0,0.0,59.65094,17.95486,ADSB,,0.8934446694569115,DLH,194.62134371026985,15.742,194.1227333357194,0.8934446694569115,True
3937f787,2025-02-22 07:30:00+00:00,KL1215,E295,AMS,ARN,22375.0,393.0,-1792.0,59.34787,16.07347,ADSB,2025-02-22 07:53:30+00:00,110.6704024350016,KLC,,,,,,,,,,,,,,,,,110.6704024350016,,
3937f7fb,2025-02-22 07:00:00+00:00,SK1,A20N,LLA,ARN,36000.0,422.0,0.0,61.26466,19.02067,ADSB,2025-02-22 07:25:52+00:00,188.68714264373943,SAS,,,,,,,,,,,,,,,,,188.68714264373943,,
3937faba,2025-02-22 09:30:00+00:00,D85350,B738,ALC,ARN,8475.0,296.0,-832.0,59.50689,18.10026,ADSB,,18.642067462782066,NSZ,,,,,,,,,,,,,,,,,18.642067462782066,,
3938027e,2025-02-22 07:00:00+00:00,SK7515,A20N,OSL,ARN,7425.0,288.0,-1408.0,59.85521,17.38751,ADSB,2025-02-22 07:08:17+00:00,38.20695573372434,SAS,,,,,,,,,,,,,,,,,38.20695573372434,,
39380328,2025-02-22 07:00:00+00:00,DY804,B38M,OSL,ARN,20675.0,390.0,-2176.0,59.92818,15.98465,ADSB,2025-02-22 07:23:22+00:00,113.56664965708921,NOZ,,,,,,,,,,,,,,,,,113.56664965708921,,
393804df,2025-02-22 15:00:00+00:00,CA911,A359,PEK,ARN,2825.0,192.0,-512.0,59.83823,18.21167,ADSB,2025-02-22 15:02:06+00:00,25.56736186026713,CCA,,,,,,,,,,,,,,,,,25.56736186026713,,
39380988,2025-02-22 07:00:00+00:00,SK86,AT76,VBY,ARN,16825.0,220.0,832.0,58.25393,18.24426,ADSB,2025-02-22 07:28:00+00:00,156.60585285796753,BRX,2025-02-22 07:30:00+00:00,SK86,AT76,VBY,ARN,0.0,30.0,0.0,59.65275,17.9539,ADSB,,0.7961535769683715,BRX,156.43003342098325,27.78,156.60585285796753,0.7961535769683715,True
39380bf3,2025-02-22 08:30:00+00:00,BA776,A21N,LHR,ARN,37025.0,476.0,64.0,58.68943,13.33804,ADSB,2025-02-22 09:04:00+00:00,283.22048478497436,BAW,2025-02-22 09:00:00+00:00,BA776,A21N,LHR,ARN,0.0,28.0,0.0,59.63628,17.95024,ADSB,2025-02-22 08:58:47+00:00,2.0071544584847163,BAW,283.1128593899697,25.928,283.22048478497436,2.0071544584847163,True
39380eeb,2025-02-22 08:00:00+00:00,SK1416,A20N,CPH,ARN,11400.0,376.0,-3136.0,59.57141,17.05466,ADSB,2025-02-22 08:14:42+00:00,50.61814908174481,SZS,,,,,,,,,,,,,,,,,50.61814908174481,,
393813b5,2025-02-22 08:30:00+00:00,LO453,E295,WAW,ARN,14050.0,361.0,-1920.0,59.1161,18.03494,MLAT,2025-02-22 08:44:22+00:00,60.003419965891474,LOT,,,,,,,,,,,,,,,,,60.003419965891474,,
393814b4,2025-02-22 09:00:00+00:00,QY6789,A306,LTN,ARN,36975.0,454.0,-64.0,58.76712,13.63779,ADSB,2025-02-22 09:29:36+00:00,263.901008308759,BCS,2025-02-22 09:30:00+00:00,QY6789,A306,LTN,ARN,0.0,18.0,0.0,59.62882,17.94955,ADSB,2025-02-22 09:29:21+00:00,2.8031908830284866,BCS,263.4861964262577,16.668,263.901008308759,2.8031908830284866,True
393816be,2025-02-22 10:30:00+00:00,D88636,B738,BCN,ARN,11650.0,307.0,-1792.0,59.36053,17.98168,ADSB,2025-02-22 10:43:15+00:00,32.66729292391806,NOZ,,,,,,,,,,,,,,,,,32.66729292391806,,
39381a8c,2025-02-22 08:30:00+00:00,R6951,A321,BLL,ARN,7900.0,304.0,-1216.0,59.78015,17.38605,ADSB,2025-02-22 08:38:31+00:00,34.09324688961129,DTR,,,,,,,,,,,,,,,,,34.09324688961129,,
39381ee5,2025-02-22 09:00:00+00:00,KL1217,B738,AMS,ARN,24575.0,374.0,-1664.0,59.19885,15.76709,ADSB,2025-02-22 09:25:53+00:00,132.87394385923903,KLM,,,,,,,,,,,,,,,,,132.87394385923903,,
39382305,2025-02-22 10:30:00+00:00,AF1262,BCS3,CDG,ARN,37000.0,460.0,0.0,57.95083,15.82214,ADSB,2025-02-22 10:57:04+00:00,225.1968152451399,AFR,2025-02-22 11:00:00+00:00,AF1262,BCS3,CDG,ARN,0.0,32.0,0.0,59.63897,17.95123,ADSB,,1.7429588120020008,AFR,224.20907035395538,29.632,225.1968152451399,1.7429588120020008,True
393824b0,2025-02-22 09:00:00+00:00,SK1418,A20N,CPH,ARN,275.0,115.0,-704.0,59.66075,17.9632,ADSB,2025-02-22 08:59:35+00:00,1.5385870537683692,SAS,,,,,,,,,,,,,,,,,1.5385870537683692,,
39382518,2025-02-22 09:00:00+00:00,D84032,B38M,LLA,ARN,14300.0,377.0,-2176.0,60.38223,18.42568,ADSB,2025-02-22 09:20:05+00:00,85.40506938586348,NSZ,,,,,,,,,,,,,,,,,85.40506938586348,,
39382712,2025-02-22 08:30:00+00:00,D84282,B738,HEL,ARN,22475.0,381.0,-1984.0,60.0146,20.33782,MLAT,2025-02-22 08:54:31+00:00,139.86742381248686,NSZ,,,,,,,,,,,,,,,,,139.86742381248686,,
39382785,2025-02-22 10:30:00+00:00,FI306,B39M,KEF,ARN,35000.0,451.0,0.0,60.71473,13.82257,ADSB,2025-02-22 10:57:04+00:00,256.33693939464797,ICE,2025-02-22 11:00:00+00:00,FI306,B39M,KEF,ARN,0.0,19.0,0.0,59.65245,17.95407,ADSB,,0.809988471163956,ICE,257.0956041902185,17.594,256.33693939464797,0.809988471163956,True
393827e8,2025-02-22 10:00:00+00:00,FR7604,B738,BUD,ARN,10975.0,294.0,-1024.0,59.31222,18.09598,MLAT,2025-02-22 10:11:41+00:00,38.964417633019075,RYR,,,,,,,,,,,,,,,,,38.964417633019075,,
39382aaf,2025-02-22 11:00:00+00:00,,AT72,EMA,ARN,2325.0,210.0,-64.0,59.83425,18.01055,MLAT,2025-02-22 11:01:45+00:00,20.480562672560232,IMX,,,,,,,,,,,,,,,,,20.480562672560232,,
39382b40,2025-02-22 09:00:00+00:00,D84006,B738,UME,ARN,3500.0,195.0,-576.0,59.82954,18.02487,ADSB,2025-02-22 09:03:25+00:00,20.141666659850426,NSZ,,,,,,,,,,,,,,,,,20.141666659850426,,
39382c3f,2025-02-22 10:30:00+00:00,FR1609,B738,TSF,ARN,5500.0,278.0,-768.0,59.67154,18.14373,ADSB,2025-02-22 10:36:05+00:00,11.626038424776862,MAY,,,,,,,,,,,,,,,,,11.626038424776862,,
39382e05,2025-02-22 11:30:00+00:00,SK1828,A20N,NCE,ARN,23750.0,409.0,-1280.0,58.71867,17.74475,ADSB,2025-02-22 11:54:35+00:00,104.54533345252865,SAS,,,,,,,,,,,,,,,,,104.54533345252865,,
39382f73,2025-02-22 10:30:00+00:00,LH2414,A321,MUC,ARN,2350.0,251.0,64.0,59.82442,18.11399,ADSB,2025-02-22 10:32:33+00:00,21.36052807975511,DLH,,,,,,,,,,,,,,,,,21.36052807975511,,
39383234,2025-02-22 12:00:00+00:00,TP780,A21N,LIS,ARN,35000.0,480.0,0.0,58.57237,15.47283,ADSB,2025-02-22 12:28:48+00:00,185.13640592872588,TAP,2025-02-22 12:30:00+00:00,TP780,A21N,LIS,ARN,0.0,5.0,0.0,59.65155,17.92822,ADSB,,0.6882011236224449,TAP,184.49247518357708,4.63,185.13640592872588,0.6882011236224449,True
393833fa,2025-02-22 09:30:00+00:00,SK142,AT76,GOT,ARN,2350.0,165.0,64.0,59.78075,18.00706,ADSB,2025-02-22 09:32:01+00:00,14.638478628168246,BRX,,,,,,,,,,,,,,,,,14.638478628168246,,
393833fe,2025-02-22 09:30:00+00:00,SK5,CRJ9,LLA,ARN,17725.0,348.0,-1984.0,60.49438,18.52664,ADSB,2025-02-22 09:49:44+00:00,99.00054574734561,BCY,,,,,,,,,,,,,,,,,99.00054574734561,,
39383433,2025-02-22 10:00:00+00:00,FR4693,B738,STN,ARN,37000.0,456.0,64.0,58.84012,14.36096,ADSB,2025-02-22 10:29:20+00:00,222.64756010864753,MAY,2025-02-22 10:30:00+00:00,FR4693,B738,STN,ARN,0.0,16.0,0.0,59.65734,17.94901,ADSB,,0.666948808697499,MAY,223.2860101767754,14.816,222.64756010864753,0.666948808697499,True
393834e2,2025-02-22 12:00:00+00:00,TK1789,A21N,IST,ARN,28475.0,433.0,-1728.0,57.96127,17.73645,MLAT,2025-02-22 12:29:43+00:00,188.5362676129798,THY,2025-02-22 12:30:00+00:00,TK1789,A21N,IST,ARN,0.0,21.0,0.0,59.64967,17.95509,ADSB,,0.9602259536168702,THY,188.16304596683187,19.446,188.5362676129798,0.9602259536168702,True
393837ee,2025-02-22 09:00:00+00:00,SK73,A20N,OSD,ARN,35000.0,438.0,0.0,61.65667,16.69016,ADSB,2025-02-22 09:27:28+00:00,232.90354921739115,SZS,2025-02-22 09:30:00+00:00,SK73,A20N,OSD,ARN,0.0,16.0,0.0,59.65736,17.94908,ADSB,,0.6714013292758227,SZS,232.64492572969618,14.816,232.90354921739115,0.6714013292758227,True
39383dd5,2025-02-22 12:00:00+00:00,FR4690,B738,SKG,ARN,10575.0,311.0,-1600.0,59.4364,18.15228,MLAT,2025-02-22 12:12:13+00:00,26.951623208821253,MAY,,,,,,,,,,,,,,,,,26.951623208821253,,
39383e69,2025-02-22 11:00:00+00:00,LX1248,A321,ZRH,ARN,9100.0,342.0,-704.0,59.49166,18.07639,ADSB,2025-02-22 11:09:30+00:00,19.574996446450065,SWR,,,,,,,,,,,,,,,,,19.574996446450065,,
39383fc8,2025-02-22 10:00:00+00:00,SK709,AT76,HEL,ARN,2450.0,157.0,-768.0,59.76851,18.00214,ADSB,2025-02-22 10:02:35+00:00,13.252752810901114,BRX,,,,,,,,,,,,,,,,,13.252752810901114,,
393842dd,2025-02-22 11:30:00+00:00,EW4645,A320,TRN,ARN,2200.0,165.0,-832.0,59.75597,17.99789,ADSB,2025-02-22 11:32:31+00:00,11.845845933397479,EWL,,,,,,,,,,,,,,,,,11.845845933397479,,
393844f9,2025-02-22 09:30:00+00:00,SK864,A320,OSL,ARN,29025.0,434.0,-256.0,60.07315,14.2322,ADSB,2025-02-22 09:55:12+00:00,212.14776969961756,SAS,2025-02-22 10:00:00+00:00,SK864,A320,OSL,ARN,0.0,16.0,0.0,59.65715,17.94738,ADSB,,0.5841558470472346,SAS,212.461031513864,14.816,212.14776969961756,0.5841558470472346,True
39384925,2025-02-22 11:30:00+00:00,LX1246,A20N,ZRH,ARN,3325.0,270.0,-1024.0,59.80092,18.18045,ADSB,2025-02-22 11:34:32+00:00,21.224796658019272,SWR,,,,,,,,,,,,,,,,,21.224796658019272,,
39384a7f,2025-02-22 11:30:00+00:00,SK1041,A20N,KRN,ARN,900.0,111.0,-576.0,59.69202,17.97467,ADSB,2025-02-22 11:31:11+00:00,4.70454918276466,SZS,,,,,,,,,,,,,,,,,4.70454918276466,,
39384ab4,2025-02-22 10:00:00+00:00,SK78,AT76,VBY,ARN,3975.0,220.0,-1152.0,59.83621,18.14841,ADSB,2025-02-22 10:05:01+00:00,23.43351822432685,BRX,,,,,,,,,,,,,,,,,23.43351822432685,,
39384b31,2025-02-22 10:00:00+00:00,SK404,A20N,CPH,ARN,35025.0,438.0,0.0,57.60216,15.6246,ADSB,2025-02-22 10:29:20+00:00,264.52594233338806,SZS,2025-02-22 10:30:00+00:00,SK404,A20N,CPH,ARN,0.0,54.0,0.0,59.63674,17.95452,ADSB,2025-02-22 10:29:15+00:00,2.0431555906472174,SZS,263.3678666677477,50.004000000000005,264.52594233338806,2.0431555906472174,True
39384b7e,2025-02-22 10:00:00+00:00,SK15,A20N,LLA,ARN,38000.0,418.0,0.0,61.98802,19.50809,ADSB,2025-02-22 10:29:20+00:00,273.1301725589238,SAS,2025-02-22 10:30:00+00:00,SK15,A20N,LLA,ARN,0.0,25.0,0.0,59.64988,17.95505,ADSB,,0.9479450455922335,SAS,273.2637574858072,23.150000000000002,273.1301725589238,0.9479450455922335,True
39384c8a,2025-02-22 11:30:00+00:00,SK606,A20N,ZRH,ARN,16800.0,364.0,-2624.0,58.88528,17.61913,ADSB,2025-02-22 11:51:22+00:00,87.34862197283961,SZS,,,,,,,,,,,,,,,,,87.34862197283961,,
39384dea,2025-02-22 12:30:00+00:00,IB823,A20N,MAD,ARN,27075.0,457.0,-1472.0,58.69786,14.84363,ADSB,2025-02-22 12:58:40+00:00,205.91602900610243,IBE,2025-02-22 13:00:00+00:00,IB823,A20N,MAD,ARN,0.0,15.0,0.0,59.63996,17.9347,ADSB,,1.5376928919660773,IBE,204.92061020324806,13.89,205.91602900610243,1.5376928919660773,True
39385246,2025-02-22 12:00:00+00:00,D84322,B38M,NCE,ARN,38000.0,453.0,0.0,57.47676,16.67261,ADSB,2025-02-22 12:30:56+00:00,252.9452050785112,NSZ,2025-02-22 12:30:00+00:00,D84322,B38M,NCE,ARN,0.0,30.0,0.0,59.63635,17.95029,ADSB,2025-02-22 12:28:45+00:00,2.0005355680727845,NSZ,251.29996647833997,27.78,252.9452050785112,2.0005355680727845,True
39385423,2025-02-22 13:30:00+00:00,PC5019,A20N,AYT,ARN,18150.0,392.0,-2048.0,58.88037,18.04115,MLAT,2025-02-22 13:48:46+00:00,86.16573300426415,PGT,,,,,,,,,,,,,,,,,86.16573300426415,,
39385465,2025-02-22 11:00:00+00:00,KL1219,B738,AMS,ARN,30875.0,435.0,-2048.0,58.59283,16.87739,ADSB,2025-02-22 11:32:15+00:00,132.61162651549725,KLM,,,,,,,,,,,,,,,,,132.61162651549725,,
39385630,2025-02-22 13:00:00+00:00,SK1806,A20N,PMI,ARN,20900.0,373.0,-2240.0,59.41788,16.50952,ADSB,2025-02-22 13:22:25+00:00,84.78350110879632,SZS,,,,,,,,,,,,,,,,,84.78350110879632,,
39385672,2025-02-22 13:30:00+00:00,FR317,B38M,OPO,ARN,1250.0,125.0,-768.0,59.70877,17.98059,ADSB,2025-02-22 13:31:39+00:00,6.5533990292635504,RYR,,,,,,,,,,,,,,,,,6.5533990292635504,,
39385a20,2025-02-22 13:30:00+00:00,PC1281,B738,SAW,ARN,35625.0,441.0,-1024.0,57.67995,17.76421,MLAT,2025-02-22 13:56:16+00:00,219.6883276088729,PGT,2025-02-22 14:00:00+00:00,PC1281,B738,SAW,ARN,0.0,20.0,0.0,59.63206,17.94868,ADSB,,2.4404020434421594,PGT,217.3265809942405,18.52,219.6883276088729,2.4404020434421594,True
39385b1f,2025-02-22 11:00:00+00:00,SK106,AT76,MMX,ARN,17250.0,309.0,-1344.0,59.06013,17.79264,ADSB,2025-02-22 11:17:57+00:00,66.50981123435339,BRX,,,,,,,,,,,,,,,,,66.50981123435339,,
39386b4b,2025-02-22 12:00:00+00:00,SK558,CRJ9,AMS,ARN,14675.0,379.0,-1984.0,59.62134,16.69885,ADSB,2025-02-22 12:16:28+00:00,69.84020782508193,BCY,,,,,,,,,,,,,,,,,69.84020782508193,,
39386bb3,2025-02-22 11:00:00+00:00,SK80,AT76,VBY,ARN,12875.0,283.0,-1536.0,59.23018,18.22575,ADSB,2025-02-22 11:13:59+00:00,49.773872180974315,BRX,,,,,,,,,,,,,,,,,49.773872180974315,,
39386c92,2025-02-22 11:00:00+00:00,AY807,E190,HEL,ARN,38000.0,423.0,0.0,60.00967,21.76636,MLAT,2025-02-22 11:24:48+00:00,217.43147946085335,FCM,2025-02-22 11:30:00+00:00,AY807,E190,HEL,ARN,0.0,7.0,0.0,59.64374,17.92547,ADSB,,1.3558797288804985,FCM,218.45076622393194,6.482,217.43147946085335,1.3558797288804985,True
39386d16,2025-02-22 12:00:00+00:00,,E55P,GRQ,ARN,1900.0,143.0,-896.0,59.74228,17.99286,ADSB,2025-02-22 12:01:35+00:00,10.305917173179845,NJE,,,,,,,,,,,,,,,,,10.305917173179845,,
39386f7c,2025-02-22 12:30:00+00:00,LH802,A320,FRA,ARN,10400.0,311.0,-1344.0,59.67783,17.43777,ADSB,2025-02-22 12:41:52+00:00,28.323051781581956,DLH,,,,,,,,,,,,,,,,,28.323051781581956,,
39387020,2025-02-22 11:00:00+00:00,SK162,A20N,GOT,ARN,35300.0,457.0,2496.0,58.25427,13.73229,ADSB,2025-02-22 11:35:28+00:00,287.02233352600643,SZS,2025-02-22 11:30:00+00:00,SK162,A20N,GOT,ARN,0.0,32.0,0.0,59.63323,17.95171,ADSB,2025-02-22 11:28:38+00:00,2.355735540223518,SZS,286.4410761013908,29.632,287.02233352600643,2.355735540223518,True
3938754a,2025-02-22 14:30:00+00:00,SK1584,A20N,AGP,ARN,23875.0,432.0,-2240.0,59.34343,16.06577,ADSB,2025-02-22 14:54:47+00:00,111.24261865663816,SAS,,,,,,,,,,,,,,,,,111.24261865663816,,
3938769b,2025-02-22 12:00:00+00:00,SK1420,A20N,CPH,ARN,625.0,110.0,-704.0,59.67847,17.9696,ADSB,2025-02-22 12:01:30+00:00,3.2371295291751254,SZS,,,,,,,,,,,,,,,,,3.2371295291751254,,
39387988,2025-02-22 11:30:00+00:00,PE969,E170,GOT,ARN,22925.0,444.0,-2688.0,59.36839,16.11543,ADSB,2025-02-22 11:55:55+00:00,107.69624158701309,PEV,,,,,,,,,,,,,,,,,107.69624158701309,,
39387d03,2025-02-22 12:30:00+00:00,LH2416,A321,MUC,ARN,35000.0,452.0,0.0,57.19846,16.78578,ADSB,2025-02-22 12:58:40+00:00,281.1287210533561,DLH,2025-02-22 13:00:00+00:00,LH2416,A321,MUC,ARN,0.0,134.0,-704.0,59.64822,17.95867,ADSB,2025-02-22 12:59:58+00:00,1.213535120693128,DLH,280.8196216924268,124.084,281.1287210533561,1.213535120693128,True
3938805e,2025-02-22 13:30:00+00:00,OS313,A320,VIE,ARN,19950.0,347.0,-1472.0,58.72064,17.84748,MLAT,2025-02-22 13:49:59+00:00,103.8675112910815,AUA,2025-02-22 14:00:00+00:00,OS313,A320,VIE,ARN,0.0,10.0,0.0,59.65189,17.92919,ADSB,,0.6246913508618639,AUA,103.65479355362486,9.26,103.8675112910815,0.6246913508618639,True
3938822e,2025-02-22 14:30:00+00:00,SK1854,A20N,ALC,ARN,36000.0,460.0,0.0,57.54052,16.43041,ADSB,2025-02-22 15:00:16+00:00,250.68889906403584,SZS,2025-02-22 15:00:00+00:00,SK1854,A20N,ALC,ARN,0.0,26.0,0.0,59.64682,17.9541,ADSB,,1.0969275799788527,SZS,250.28166334432424,24.076,250.68889906403584,1.0969275799788527,True
39388513,2025-02-22 14:00:00+00:00,LX1232,BCS3,GVA,ARN,22600.0,403.0,-1984.0,58.7837,17.3194,ADSB,2025-02-22 14:24:43+00:00,102.96323454422857,SWR,2025-02-22 14:30:00+00:00,LX1232,BCS3,GVA,ARN,0.0,0.0,0.0,59.65401,17.93543,ADSB,,0.2517648819820197,SWR,102.92646815106056,,102.96323454422857,0.2517648819820197,True
393888e9,2025-02-22 12:00:00+00:00,AY809,E190,HEL,ARN,22750.0,389.0,-3008.0,59.74528,19.69176,ADSB,2025-02-22 12:25:19+00:00,98.81233483722121,FCM,,,,,,,,,,,,,,,,,98.81233483722121,,
39388dbf,2025-02-22 13:30:00+00:00,SK7906,A20N,INN,ARN,8425.0,312.0,-1728.0,59.72527,18.27339,ADSB,2025-02-22 13:39:01+00:00,20.347846392549528,SAS,,,,,,,,,,,,,,,,,20.347846392549528,,
3938934c,2025-02-22 15:30:00+00:00,DY899,B738,FAO,ARN,31250.0,467.0,-2368.0,58.42259,16.64464,ADSB,2025-02-22 15:51:28+00:00,155.63591377488285,NSZ,2025-02-22 16:00:00+00:00,DY899,B738,FAO,ARN,0.0,24.0,0.0,59.65629,17.94061,ADSB,,0.30847191551492587,NSZ,155.92456643119772,22.224,155.63591377488285,0.30847191551492587,True
3938940e,2025-02-22 13:30:00+00:00,LX1250,A321,ZRH,ARN,35025.0,462.0,0.0,57.62776,15.82944,ADSB,2025-02-22 13:58:24+00:00,256.2002828427039,SWR,2025-02-22 14:00:00+00:00,LX1250,A321,ZRH,ARN,0.0,19.0,0.0,59.63305,17.9514,ADSB,2025-02-22 13:59:37+00:00,2.3700915081735796,SWR,254.53920905552042,17.594,256.2002828427039,2.3700915081735796,True
39389992,2025-02-22 14:00:00+00:00,SK690,A20N,LIN,ARN,35950.0,463.0,0.0,57.92519,16.67352,ADSB,2025-02-22 14:24:00+00:00,205.55928292202586,SZS,2025-02-22 14:30:00+00:00,SK690,A20N,LIN,ARN,0.0,19.0,0.0,59.65574,17.93627,ADSB,,0.31504524557555347,SZS,205.71435709551284,17.594,205.55928292202586,0.31504524557555347,True
39389b68,2025-02-22 14:30:00+00:00,SK2616,A20N,GVA,ARN,3150.0,301.0,-1024.0,59.77978,18.16078,ADSB,2025-02-22 14:35:14+00:00,18.72278929310596,SAS,,,,,,,,,,,,,,,,,18.72278929310596,,
39389cb3,2025-02-22 15:30:00+00:00,D84222,B38M,AGP,ARN,37000.0,465.0,64.0,58.22293,16.2724,ADSB,2025-02-22 15:55:44+00:00,185.61294564110034,NSZ,2025-02-22 16:00:00+00:00,D84222,B38M,AGP,ARN,0.0,25.0,0.0,59.64276,17.94375,ADSB,,1.219438363647988,NSZ,184.71115368934426,23.150000000000002,185.61294564110034,1.219438363647988,True
39389e8e,2025-02-22 13:00:00+00:00,SK2112,A20N,MMX,ARN,5800.0,290.0,-1984.0,59.71065,18.16277,ADSB,2025-02-22 13:07:16+00:00,14.033352449965461,SZS,,,,,,,,,,,,,,,,,14.033352449965461,,
3938a043,2025-02-22 15:30:00+00:00,AF1062,A321,CDG,ARN,33100.0,481.0,-960.0,58.55601,16.72614,ADSB,2025-02-22 15:53:36+00:00,140.33582210349581,AFR,2025-02-22 16:00:00+00:00,AF1062,A321,CDG,ARN,0.0,0.0,0.0,59.64475,17.92648,ADSB,,1.2320112620088484,AFR,139.11403544133327,,140.33582210349581,1.2320112620088484,True
3938a6c2,2025-02-22 14:00:00+00:00,SK7944,A20N,INN,ARN,35000.0,459.0,0.0,57.5235,16.60884,ADSB,2025-02-22 14:28:16+00:00,249.08073192057415,SAS,2025-02-22 14:30:00+00:00,SK7944,A20N,INN,ARN,0.0,31.0,0.0,59.64752,17.95434,ADSB,,1.0557981784690724,SAS,248.70826011243926,28.706000000000003,249.08073192057415,1.0557981784690724,True
3938a996,2025-02-22 13:00:00+00:00,SK406,A20N,CPH,ARN,37000.0,456.0,-64.0,57.56726,15.61355,ADSB,2025-02-22 13:28:32+00:00,268.23240198793786,SAS,2025-02-22 13:30:00+00:00,SK406,A20N,CPH,ARN,0.0,34.0,0.0,59.64082,17.95189,ADSB,,1.5691931314176675,SAS,267.37561298172886,31.484,268.23240198793786,1.5691931314176675,True
3938aa51,2025-02-22 14:00:00+00:00,LH806,A20N,FRA,ARN,30575.0,479.0,-3712.0,58.86392,15.53714,ADSB,2025-02-22 14:24:00+00:00,162.34030434940203,DLH,2025-02-22 14:30:00+00:00,LH806,A20N,FRA,ARN,0.0,4.0,0.0,59.65351,17.9352,ADSB,,0.2593503734121052,DLH,162.1176891978654,3.704,162.34030434940203,0.2593503734121052,True
3938ad91,2025-02-22 13:00:00+00:00,SK1773,A320,TLL,ARN,28000.0,406.0,0.0,59.60334,21.05625,ADSB,2025-02-22 13:24:16+00:00,175.2811107690032,SAS,,,,,,,,,,,,,,,,,175.2811107690032,,
3938ae27,2025-02-22 13:00:00+00:00,SK166,AT76,GOT,ARN,13000.0,301.0,0.0,58.76871,14.73743,ADSB,2025-02-22 13:28:32+00:00,207.10244194915032,BRX,2025-02-22 13:30:00+00:00,SK166,AT76,GOT,ARN,0.0,58.0,0.0,59.64017,17.95576,ADSB,2025-02-22 13:30:02+00:00,1.7362264930020452,BRX,207.23361888191232,53.708000000000006,207.10244194915032,1.7362264930020452,True
3938b42c,2025-02-22 16:30:00+00:00,SK2944,A20N,FAO,ARN,20150.0,415.0,-2560.0,59.41878,16.33603,ADSB,2025-02-22 16:51:10+00:00,94.10418249056364,SAS,,,,,,,,,,,,,,,,,94.10418249056364,,
3938b76d,2025-02-22 13:30:00+00:00,FR4641,B738,RIX,ARN,24900.0,452.0,-2176.0,59.06039,19.44104,ADSB,2025-02-22 13:55:59+00:00,107.64800466156652,MAY,,,,,,,,,,,,,,,,,107.64800466156652,,
3938b849,2025-02-22 14:00:00+00:00,SK9,CRJ9,LLA,ARN,750.0,124.0,-832.0,59.68236,17.97098,ADSB,2025-02-22 14:01:17+00:00,3.650841911678431,BCY,,,,,,,,,,,,,,,,,3.650841911678431,,
3938bf01,2025-02-22 14:00:00+00:00,SK414,E195,CPH,ARN,2275.0,153.0,-576.0,59.76146,18.00027,ADSB,2025-02-22 14:02:08+00:00,12.46946921082978,SVS,,,,,,,,,,,,,,,,,12.46946921082978,,
3938c3b8,2025-02-22 15:00:00+00:00,D84456,B738,LGW,ARN,16400.0,370.0,-1920.0,59.73715,16.42996,ADSB,2025-02-22 15:17:12+00:00,85.22273367243838,NSZ,,,,,,,,,,,,,,,,,85.22273367243838,,
3938c7e7,2025-02-22 13:30:00+00:00,SK2727,AT76,TKU,ARN,13975.0,273.0,0.0,60.17282,20.93219,ADSB,2025-02-22 14:02:40+00:00,176.49708964290886,BRX,2025-02-22 14:00:00+00:00,SK2727,AT76,TKU,ARN,0.0,14.0,0.0,59.65717,17.95154,ADSB,,0.7721618106713527,BRX,175.73940563811394,12.964,176.49708964290886,0.7721618106713527,True
3938cf25,2025-02-22 14:00:00+00:00,SK82,AT76,VBY,ARN,6275.0,278.0,-1984.0,59.67407,18.23044,ADSB,2025-02-22 14:07:26+00:00,16.480671081768847,BRX,,,,,,,,,,,,,,,,,16.480671081768847,,
3938d069,2025-02-22 15:30:00+00:00,BA780,A21N,LHR,ARN,2850.0,226.0,-704.0,59.82735,17.87996,ADSB,2025-02-22 15:33:20+00:00,19.615096593665236,BAW,,,,,,,,,,,,,,,,,19.615096593665236,,
3938d155,2025-02-22 14:30:00+00:00,D88866,B38M,CPH,ARN,16175.0,390.0,-3264.0,59.23306,17.91504,ADSB,2025-02-22 14:49:04+00:00,46.776771027443424,NOZ,,,,,,,,,,,,,,,,,46.776771027443424,,
3938de77,2025-02-22 15:30:00+00:00,KL1223,B738,AMS,ARN,1000.0,118.0,-704.0,59.69705,17.97638,ADSB,2025-02-22 15:30:59+00:00,5.255062323734028,KLM,,,,,,,,,,,,,,,,,5.255062323734028,,
3938e4f9,2025-02-22 14:30:00+00:00,,PC24,MXX,ARN,2550.0,154.0,-832.0,59.77386,18.00403,ADSB,2025-02-22 14:32:08+00:00,13.854570915594254,SWE,,,,,,,,,,,,,,,,,13.854570915594254,,
3938e7b5,2025-02-22 14:30:00+00:00,SK484,A20N,OSL,ARN,18775.0,395.0,-2496.0,59.89038,16.29083,ADSB,2025-02-22 14:49:40+00:00,95.99079648360771,SZS,2025-02-22 15:00:00+00:00,SK484,A20N,OSL,ARN,0.0,0.0,0.0,59.65326,17.93137,ADSB,,0.47554471538417703,SZS,95.54537034855727,,95.99079648360771,0.47554471538417703,True
3938edb7,2025-02-22 16:00:00+00:00,SK532,A20N,LHR,ARN,30475.0,459.0,-2112.0,59.35136,15.09891,ADSB,2025-02-22 16:32:11+00:00,163.7866373416914,SZS,2025-02-22 16:30:00+00:00,SK532,A20N,LHR,ARN,0.0,8.0,0.0,59.65442,17.93349,ADSB,,0.36846006231693484,SZS,163.45533571777074,7.408,163.7866373416914,0.36846006231693484,True
3938f478,2025-02-22 16:00:00+00:00,FR4772,B738,CGN,ARN,725.0,121.0,-704.0,59.68355,17.97153,ADSB,2025-02-22 16:00:50+00:00,3.7819354188010594,MAY,,,,,,,,,,,,,,,,,3.7819354188010594,,
3938f66c,2025-02-22 16:00:00+00:00,,CL60,LTN,ARN,18850.0,384.0,-2432.0,59.4819,16.65335,ADSB,2025-02-22 16:19:21+00:00,74.92711317422157,NJE,,,,,,,,,,,,,,,,,74.92711317422157,,
3938fa11,2025-02-22 20:00:00+00:00,D84242,B38M,LPA,ARN,925.0,123.0,-640.0,59.69293,17.97491,ADSB,2025-02-22 20:01:36+00:00,4.802253912493115,NSZ,,,,,,,,,,,,,,,,,4.802253912493115,,
3938fc1e,2025-02-22 15:00:00+00:00,,PC24,UME,ARN,21950.0,361.0,0.0,60.91984,18.66371,ADSB,2025-02-22 15:21:18+00:00,146.34661973056896,SWE,,,,,,,,,,,,,,,,,146.34661973056896,,
3938fe41,2025-02-22 20:00:00+00:00,SK1820,A20N,LPA,ARN,2975.0,253.0,-384.0,59.80742,17.91119,ADSB,2025-02-22 20:03:04+00:00,17.185183507197745,SZS,,,,,,,,,,,,,,,,,17.185183507197745,,
39390473,2025-02-22 15:00:00+00:00,SK9042,A20N,HEL,ARN,37925.0,423.0,0.0,59.98039,21.50032,MLAT,2025-02-22 15:23:44+00:00,202.31381032431767,SZS,2025-02-22 15:30:00+00:00,SK9042,A20N,HEL,ARN,0.0,13.0,0.0,59.6532,17.92747,ADSB,,0.6946463134343567,SZS,203.00044965282385,12.038,202.31381032431767,0.6946463134343567,True
393908a7,2025-02-22 19:30:00+00:00,SK2506,A20N,AGA,ARN,625.0,110.0,-576.0,59.67704,17.96918,ADSB,2025-02-22 19:31:25+00:00,3.0894443549572506,SZS,,,,,,,,,,,,,,,,,3.0894443549572506,,
39390b17,2025-02-22 20:30:00+00:00,SK2099,A20N,TFS,ARN,4575.0,292.0,-832.0,59.79684,17.73486,ADSB,2025-02-22 20:35:04+00:00,19.644118793636682,SZS,,,,,,,,,,,,,,,,,19.644118793636682,,
39390e8a,2025-02-22 20:00:00+00:00,DK1743,A339,LPA,ARN,31875.0,485.0,-2112.0,58.90869,15.18723,ADSB,2025-02-22 20:34:58+00:00,176.91394752440314,VKG,2025-02-22 20:30:00+00:00,DK1743,A339,LPA,ARN,0.0,13.0,0.0,59.65747,17.95086,ADSB,,0.7585368415177112,VKG,177.66436869118422,12.038,176.91394752440314,0.7585368415177112,True
393910e8,2025-02-22 16:30:00+00:00,LH2418,A320,MUC,ARN,18575.0,413.0,-2560.0,59.00496,17.84363,ADSB,2025-02-22 16:49:46+00:00,72.32540778307335,DLH,,,,,,,,,,,,,,,,,72.32540778307335,,
39391559,2025-02-22 16:00:00+00:00,CAT9423,B738,BLL,ARN,2375.0,153.0,0.0,59.79472,18.01199,ADSB,2025-02-22 16:01:46+00:00,16.210994694157286,CAT,,,,,,,,,,,,,,,,,16.210994694157286,,
39391b39,2025-02-22 15:30:00+00:00,AY815,E190,HEL,ARN,36000.0,434.0,0.0,59.99361,21.65086,MLAT,2025-02-22 15:57:52+00:00,210.81295786433074,FCM,2025-02-22 16:00:00+00:00,AY815,E190,HEL,ARN,0.0,17.0,0.0,59.63378,17.94933,ADSB,,2.261863158088767,FCM,210.75622770215261,15.742,210.81295786433074,2.261863158088767,True
39391b96,2025-02-22 16:00:00+00:00,D88876,B38M,CPH,ARN,5800.0,303.0,-2240.0,59.69852,18.1669,ADSB,2025-02-22 16:06:26+00:00,13.694524567667145,NSZ,,,,,,,,,,,,,,,,,13.694524567667145,,
39391d36,2025-02-22 15:30:00+00:00,SK9044,A20N,HEL,ARN,33975.0,428.0,64.0,60.01935,21.02083,MLAT,2025-02-22 15:52:31+00:00,176.8652477983436,SZS,2025-02-22 16:00:00+00:00,SK9044,A20N,HEL,ARN,0.0,22.0,0.0,59.65468,17.92865,ADSB,,0.6398512574158867,SZS,177.44054400745583,20.372,176.8652477983436,0.6398512574158867,True
39391f0d,2025-02-22 16:00:00+00:00,SK1424,CRJ9,CPH,ARN,16225.0,391.0,-2880.0,59.2805,17.90345,ADSB,2025-02-22 16:19:02+00:00,41.531549579061796,BCY,,,,,,,,,,,,,,,,,41.531549579061796,,
39391f49,2025-02-22 16:00:00+00:00,SK486,AT76,OSL,ARN,6050.0,249.0,-576.0,59.86296,17.70522,ADSB,2025-02-22 16:06:08+00:00,26.736514974495027,BRX,,,,,,,,,,,,,,,,,26.736514974495027,,
3939229d,2025-02-22 17:00:00+00:00,LH804,A20N,FRA,ARN,15750.0,393.0,-2816.0,59.5715,16.67838,ADSB,2025-02-22 17:17:27+00:00,71.53551712287094,DLH,,,,,,,,,,,,,,,,,71.53551712287094,,
393926f4,2025-02-22 17:00:00+00:00,FR4627,B738,KRK,ARN,4350.0,209.0,-384.0,59.80808,18.1366,MLAT,2025-02-22 17:05:00+00:00,20.4187222789507,MAY,,,,,,,,,,,,,,,,,20.4187222789507,,
39392d66,2025-02-22 17:00:00+00:00,FR755,A320,VIE,ARN,36000.0,450.0,0.0,57.52854,17.74939,MLAT,2025-02-22 17:27:28+00:00,236.5470362268244,LDA,2025-02-22 17:30:00+00:00,FR755,A320,VIE,ARN,0.0,13.0,0.0,59.6436,17.95109,ADSB,,1.2744137631988965,LDA,235.47398773125747,12.038,236.5470362268244,1.2744137631988965,True
39393418,2025-02-22 16:30:00+00:00,NH221,B788,HND,ARN,34975.0,566.0,0.0,37.76862,144.66797,ADSB,2025-02-23 04:56:32+00:00,8134.878849342199,AJX,,,,,,,,,,,,,,,,,8134.878849342199,,
39393476,2025-02-22 21:00:00+00:00,D85700,B38M,LPA,ARN,28525.0,446.0,-1984.0,58.95992,15.52148,ADSB,2025-02-22 21:30:25+00:00,157.432696246318,NSZ,,,,,,,,,,,,,,,,,157.432696246318,,
39394637,2025-02-22 17:30:00+00:00,SK7938,A20N,SZG,ARN,39000.0,447.0,0.0,57.411,17.45509,MLAT,2025-02-22 17:57:20+00:00,250.9401536246041,SZS,2025-02-22 18:00:00+00:00,SK7938,A20N,SZG,ARN,0.0,65.0,0.0,59.63869,17.95521,ADSB,2025-02-22 17:59:54+00:00,1.8645863526157467,SZS,249.4018770331309,60.190000000000005,250.9401536246041,1.8645863526157467,True
3939474c,2025-02-22 17:00:00+00:00,SK711,AT76,HEL,ARN,9800.0,260.0,-1472.0,59.77023,18.69589,ADSB,2025-02-22 17:11:23+00:00,44.34181330960619,BRX,,,,,,,,,,,,,,,,,44.34181330960619,,
39394de3,2025-02-22 17:00:00+00:00,SK13,A320,LLA,ARN,27325.0,388.0,-2112.0,60.92389,18.79888,ADSB,2025-02-22 17:30:01+00:00,148.9756665563176,SAS,2025-02-22 17:30:00+00:00,SK13,A320,LLA,ARN,0.0,0.0,0.0,59.654,17.92879,ADSB,,0.6214853005831887,SAS,149.12179239022944,,148.9756665563176,0.6214853005831887,True
393951d2,2025-02-22 18:00:00+00:00,EW5065,A320,INN,ARN,36000.0,468.0,-64.0,57.69046,16.774,ADSB,2025-02-22 18:27:12+00:00,228.4449567559335,EWL,2025-02-22 18:30:00+00:00,EW5065,A320,INN,ARN,0.0,28.0,0.0,59.64883,17.95482,ADSB,,0.9927052541726863,EWL,228.20322383717038,25.928,228.4449567559335,0.9927052541726863,True
39395aa7,2025-02-22 17:00:00+00:00,SK1410,A20N,CPH,ARN,39025.0,450.0,0.0,57.63386,15.53458,ADSB,2025-02-22 17:29:36+00:00,264.1658130642729,SZS,2025-02-22 17:30:00+00:00,SK1410,A20N,CPH,ARN,0.0,35.0,0.0,59.63558,17.95407,ADSB,2025-02-22 17:29:17+00:00,2.1522202000406425,SZS,262.92719867011334,32.410000000000004,264.1658130642729,2.1522202000406425,True
39395b7a,2025-02-22 17:00:00+00:00,,PC24,VBY,ARN,22000.0,358.0,0.0,58.95208,18.25473,ADSB,2025-02-22 17:21:57+00:00,80.02134483154866,SWE,,,,,,,,,,,,,,,,,80.02134483154866,,
39395c3e,2025-02-22 18:00:00+00:00,LO457,E190,WAW,ARN,2375.0,148.0,0.0,59.78168,18.00744,ADSB,2025-02-22 18:01:12+00:00,14.743876544234205,LOT,,,,,,,,,,,,,,,,,14.743876544234205,,
39395cf7,2025-02-22 19:00:00+00:00,,CL60,LIN,ARN,225.0,109.0,-448.0,59.65782,17.9621,ADSB,2025-02-22 19:00:52+00:00,1.3390244955766992,NJE,,,,,,,,,,,,,,,,,1.3390244955766992,,
393966bc,2025-02-22 17:30:00+00:00,SK2287,AT76,SCR,ARN,1400.0,107.0,-576.0,59.71549,17.9831,ADSB,2025-02-22 17:30:34+00:00,7.303840068632961,BRX,,,,,,,,,,,,,,,,,7.303840068632961,,
393968f1,2025-02-22 17:30:00+00:00,OS1421,A320,BLL,ARN,31025.0,411.0,0.0,58.71661,14.69156,ADSB,2025-02-22 17:58:37+00:00,212.30731910926522,AUA,2025-02-22 18:00:00+00:00,OS1421,A320,BLL,ARN,0.0,17.0,0.0,59.65068,17.95498,ADSB,,0.9095465741481215,AUA,212.91136295629235,15.742,212.30731910926522,0.9095465741481215,True
39396e64,2025-02-22 21:30:00+00:00,D84528,B738,RAK,ARN,11850.0,384.0,-1984.0,59.4425,16.84564,ADSB,2025-02-22 21:43:26+00:00,65.97625690336396,NSZ,,,,,,,,,,,,,,,,,65.97625690336396,,
39396fb7,2025-02-22 18:30:00+00:00,SK1412,A20N,CPH,ARN,175.0,108.0,-576.0,59.65631,17.96164,ADSB,2025-02-22 18:30:18+00:00,1.2639579126590157,SAS,,,,,,,,,,,,,,,,,1.2639579126590157,,
39397175,2025-02-22 19:00:00+00:00,BA786,A20N,LHR,ARN,4875.0,379.0,0.0,59.70129,17.38444,ADSB,2025-02-22 19:04:29+00:00,31.626792430500164,BAW,,,,,,,,,,,,,,,,,31.626792430500164,,
3939770c,2025-02-22 18:00:00+00:00,SK164,AT76,GOT,ARN,7575.0,283.0,-1728.0,59.73688,17.52493,ADSB,2025-02-22 18:08:57+00:00,25.055280068276613,BRX,,,,,,,,,,,,,,,,,25.055280068276613,,
39397a51,2025-02-22 18:00:00+00:00,FR4623,B738,TLL,ARN,1125.0,111.0,-576.0,59.70264,17.97837,ADSB,2025-02-22 18:01:59+00:00,5.872499953363538,MAY,,,,,,,,,,,,,,,,,5.872499953363538,,
39397e08,2025-02-22 18:30:00+00:00,SK2680,CRJ9,BER,ARN,22375.0,427.0,-2624.0,58.8201,17.7464,ADSB,2025-02-22 18:54:56+00:00,93.32535074810293,BCY,,,,,,,,,,,,,,,,,93.32535074810293,,
39398463,2025-02-22 19:30:00+00:00,SK6072,A20N,LIN,ARN,37000.0,421.0,0.0,57.3572,16.9512,MLAT,2025-02-22 20:02:03+00:00,261.71273015104424,SAS,2025-02-22 20:00:00+00:00,SK6072,A20N,LIN,ARN,0.0,14.0,0.0,59.63255,17.9505,ADSB,2025-02-22 19:59:15+00:00,2.4105076430149817,SAS,259.5774720592142,12.964,261.71273015104424,2.4105076430149817,True
39398651,2025-02-22 19:30:00+00:00,SK528,A20N,LHR,ARN,2150.0,149.0,-832.0,59.75096,17.99608,ADSB,2025-02-22 19:32:21+00:00,11.282520773715728,SZS,,,,,,,,,,,,,,,,,11.282520773715728,,
39398a88,2025-02-22 18:30:00+00:00,FR4048,B738,VNO,ARN,32125.0,444.0,-3648.0,59.05202,19.76715,ADSB,2025-02-22 19:06:09+00:00,123.28931846234066,RYS,,,,,,,,,,,,,,,,,123.28931846234066,,
39398cc6,2025-02-22 18:30:00+00:00,CA3155,A332,CTU,ARN,27600.0,418.0,0.0,33.64931,104.25671,ESTIMATED,2025-02-23 03:29:04+00:00,6633.340838205225,CAO,,,,,,,,,,,,,,,,,6633.340838205225,,
39398e69,2025-02-22 23:30:00+00:00,D84270,B38M,TFS,ARN,5050.0,300.0,-1344.0,59.74026,17.71133,ADSB,2025-02-22 23:36:28+00:00,16.04092858944573,NSZ,,,,,,,,,,,,,,,,,16.04092858944573,,
393994bb,2025-02-22 18:30:00+00:00,ET715,B789,OSL,ARN,9800.0,330.0,-1600.0,59.8835,17.01707,ADSB,2025-02-22 18:41:26+00:00,57.64188887775148,ETH,,,,,,,,,,,,,,,,,57.64188887775148,,
39399613,2025-02-22 19:30:00+00:00,SK1491,A20N,TOS,ARN,37025.0,387.0,0.0,61.79846,18.46576,ADSB,2025-02-22 19:58:56+00:00,240.20986472110042,SAS,2025-02-22 20:00:00+00:00,SK1491,A20N,TOS,ARN,0.0,20.0,0.0,59.65126,17.9547,ADSB,,0.8739423184283065,SAS,240.36746881344683,18.52,240.20986472110042,0.8739423184283065,True
39399d25,2025-02-22 21:00:00+00:00,LX1238,BCS3,GVA,ARN,13400.0,407.0,-2816.0,59.19657,17.13744,ADSB,2025-02-22 21:16:48+00:00,68.12850238900447,SWR,,,,,,,,,,,,,,,,,68.12850238900447,,
3939a67d,2025-02-22 22:30:00+00:00,SK2950,A20N,SVQ,ARN,28625.0,430.0,-1728.0,58.964,15.76235,ADSB,2025-02-22 23:02:33+00:00,145.42483469947334,SZS,,,,,,,,,,,,,,,,,145.42483469947334,,
3939a839,2025-02-22 19:00:00+00:00,AY819,AT75,HEL,ARN,16025.0,270.0,64.0,59.85389,20.06549,ADSB,2025-02-22 19:20:32+00:00,121.12148880872869,FCM,,,,,,,,,,,,,,,,,121.12148880872869,,
3939b306,2025-02-22 22:30:00+00:00,FR4687,B738,AGP,ARN,50.0,135.0,-704.0,59.66707,17.92401,ADSB,2025-02-22 22:30:03+00:00,1.7463981129556074,RYR,,,,,,,,,,,,,,,,,1.7463981129556074,,
3939b786,2025-02-22 21:00:00+00:00,SK612,A20N,GVA,ARN,2975.0,177.0,-320.0,59.81944,17.99002,ADSB,2025-02-22 21:03:00+00:00,18.659993736058425,SAS,,,,,,,,,,,,,,,,,18.659993736058425,,
3939b817,2025-02-22 21:00:00+00:00,FR3655,B38M,BGY,ARN,24350.0,431.0,-1984.0,58.68782,17.87094,MLAT,2025-02-22 21:25:58+00:00,107.45540965092614,MAY,,,,,,,,,,,,,,,,,107.45540965092614,,
3939b9cc,2025-02-22 19:30:00+00:00,SK2027,CRJ9,UME,ARN,18925.0,368.0,-2304.0,60.61246,18.587,ADSB,2025-02-22 19:51:42+00:00,112.48638149105594,BCY,,,,,,,,,,,,,,,,,112.48638149105594,,
3939bffd,2025-02-22 21:00:00+00:00,SK1606,A20N,ZRH,ARN,1100.0,104.0,-512.0,59.71715,17.94223,ADSB,2025-02-22 21:00:46+00:00,7.073850930304395,SAS,,,,,,,,,,,,,,,,,7.073850930304395,,
3939c8d2,2025-02-22 22:30:00+00:00,IB825,A20N,MAD,ARN,10850.0,332.0,-1536.0,59.51429,17.0504,ADSB,2025-02-22 22:42:20+00:00,52.409142297514414,IBE,,,,,,,,,,,,,,,,,52.409142297514414,,
3939cbe3,2025-02-22 20:00:00+00:00,FR4606,B738,KUN,ARN,34400.0,416.0,-1856.0,58.70611,20.14768,MLAT,2025-02-22 20:24:32+00:00,164.0578984224802,RYS,2025-02-22 20:30:00+00:00,FR4606,B738,KUN,ARN,0.0,11.0,0.0,59.64663,17.92389,ADSB,,1.179781625972572,RYS,164.27370764002143,10.186,164.0578984224802,1.179781625972572,True
3939cd35,2025-02-22 21:30:00+00:00,SK2618,A20N,GVA,ARN,16225.0,352.0,-1600.0,59.33939,16.76021,ADSB,2025-02-22 21:47:19+00:00,75.1850725013674,SZS,,,,,,,,,,,,,,,,,75.1850725013674,,
3939d146,2025-02-22 20:00:00+00:00,SK1430,A20N,CPH,ARN,33450.0,470.0,-3648.0,58.76196,15.67923,ADSB,2025-02-22 20:24:32+00:00,162.42749465479687,SZS,2025-02-22 20:30:00+00:00,SK1430,A20N,CPH,ARN,0.0,0.0,0.0,59.65369,17.93134,ADSB,,0.47644281102164404,SZS,162.05531271677077,,162.42749465479687,0.47644281102164404,True
3939d5dd,2025-02-22 21:30:00+00:00,SK2690,A20N,MXP,ARN,39025.0,455.0,0.0,57.42052,16.95628,MLAT,2025-02-22 21:58:24+00:00,254.77054876715647,SAS,2025-02-22 22:00:00+00:00,SK2690,A20N,MXP,ARN,0.0,8.0,0.0,59.65005,17.92095,ADSB,2025-02-22 21:59:16+00:00,1.1289231942146647,SAS,254.14927756333316,7.408,254.77054876715647,1.1289231942146647,True
3939d85a,2025-02-22 20:30:00+00:00,6B252,B38M,CPH,ARN,13475.0,426.0,-4416.0,59.47595,17.02808,ADSB,2025-02-22 20:46:58+00:00,55.021057980353795,BLX,,,,,,,,,,,,,,,,,55.021057980353795,,
3939dfad,2025-02-22 23:30:00+00:00,SK1818,A20N,AGP,ARN,16475.0,400.0,-2880.0,59.33543,16.64647,ADSB,2025-02-22 23:52:35+00:00,81.11930411540975,SZS,,,,,,,,,,,,,,,,,81.11930411540975,,
3939dfe6,2025-02-22 21:30:00+00:00,SK2660,A20N,MUC,ARN,21200.0,374.0,-2112.0,58.95063,17.76868,ADSB,2025-02-22 21:53:37+00:00,78.76193088381203,SZS,,,,,,,,,,,,,,,,,78.76193088381203,,
3939e45a,2025-02-22 23:30:00+00:00,SK1804,A20N,AGP,ARN,27950.0,475.0,-2368.0,58.99132,15.85583,ADSB,2025-02-22 23:53:36+00:00,139.27613232854998,SZS,,,,,,,,,,,,,,,,,139.27613232854998,,
3939e94a,2025-02-22 22:00:00+00:00,LX1254,A321,ZRH,ARN,2650.0,211.0,-1088.0,59.79224,17.96739,MLAT,2025-02-22 22:04:02+00:00,15.49946274578248,SWR,,,,,,,,,,,,,,,,,15.49946274578248,,
3939edbc,2025-02-22 21:30:00+00:00,D84474,B738,SZG,ARN,34175.0,480.0,-960.0,57.57552,17.40003,MLAT,2025-02-22 21:56:16+00:00,233.16851380004192,NSZ,,,,,,,,,,,,,,,,,233.16851380004192,,
3939f5be,2025-02-22 22:00:00+00:00,AF1462,BCS3,CDG,ARN,17225.0,406.0,-2112.0,59.22217,16.75488,ADSB,2025-02-22 22:21:05+00:00,82.39488351743098,AFR,2025-02-22 22:30:00+00:00,AF1462,BCS3,CDG,ARN,0.0,0.0,0.0,59.64403,17.92758,ADSB,,1.2617696477173421,AFR,81.2254375513945,,82.39488351743098,1.2617696477173421,True
3939fa23,2025-02-22 22:00:00+00:00,KL1227,B738,AMS,ARN,200.0,135.0,-576.0,59.67513,17.92694,ADSB,2025-02-22 22:00:26+00:00,2.5067096250442065,KLM,,,,,,,,,,,,,,,,,2.5067096250442065,,
3939fb6a,2025-02-22 22:00:00+00:00,LH2420,A321,MUC,ARN,27250.0,440.0,-1536.0,58.30915,17.54919,ADSB,2025-02-22 22:28:46+00:00,151.15561599685296,DLH,,,,,,,,,,,,,,,,,151.15561599685296,,
393a01da,2025-02-22 22:00:00+00:00,LH808,A321,FRA,ARN,24150.0,417.0,-1984.0,58.60909,15.85495,ADSB,2025-02-22 22:26:20+00:00,166.2252641928335,DLH,2025-02-22 22:30:00+00:00,LH808,A321,FRA,ARN,0.0,0.0,0.0,59.65388,17.93777,ADSB,,0.12082650775833291,DLH,166.16741359005283,,166.2252641928335,0.12082650775833291,True
393a0264,2025-02-22 22:30:00+00:00,D84330,B738,LYS,ARN,36000.0,477.0,0.0,57.36823,15.66256,ADSB,2025-02-22 23:02:24+00:00,286.4373040852604,NSZ,2025-02-22 23:00:00+00:00,D84330,B738,LYS,ARN,0.0,132.0,-128.0,59.65887,17.92108,ADSB,2025-02-22 22:59:36+00:00,1.2076069194348722,NSZ,286.4587542679919,122.232,286.4373040852604,1.2076069194348722,True
393a0331,2025-02-22 21:30:00+00:00,FR6099,B738,GDN,ARN,10225.0,381.0,-2432.0,59.36989,18.1066,MLAT,2025-02-22 21:42:53+00:00,32.914550911558635,MAY,,,,,,,,,,,,,,,,,32.914550911558635,,
393a1006,2025-02-22 22:30:00+00:00,FR4719,B738,STN,ARN,36025.0,448.0,-1856.0,58.78812,14.29817,ADSB,2025-02-22 22:58:08+00:00,228.4307487878948,MAY,2025-02-22 23:00:00+00:00,FR4719,B738,STN,ARN,0.0,0.0,0.0,59.65125,17.92569,ADSB,,0.8336286372387027,MAY,227.6009977507429,,228.4307487878948,0.8336286372387027,True
393a1e9f,2025-02-22 23:30:00+00:00,D89611,B38M,TRN,ARN,2400.0,187.0,0.0,59.83287,17.95651,ADSB,2025-02-22 23:30:56+00:00,19.961955280024117,NSZ,,,,,,,,,,,,,,,,,19.961955280024117,,
393a2d6e,2025-02-22 22:30:00+00:00,D88878,B38M,CPH,ARN,8200.0,326.0,-1792.0,59.57835,17.42862,ADSB,2025-02-22 22:38:53+00:00,29.941592558289106,NSZ,,,,,,,,,,,,,,,,,29.941592558289106,,
393a3e3b,2025-02-22 23:00:00+00:00,AY825,A320,HEL,ARN,8525.0,299.0,-2432.0,59.87883,18.61798,ADSB,2025-02-22 23:12:15+00:00,45.48899993372656,FIN,,,,,,,,,,,,,,,,,45.48899993372656,,
