fr24_id,Timestamp,Flight,Aircraft,Origin,Destination,Altitude,Ground_Speed,Vertical_Speed,Lat,Lon,Source,operating_as,Track,ETA,distance_to_airport
392fca02,2025-02-20 05:00:00+00:00,TG960,A359,BKK,ARN,40000,414,0,53.63038,18.52102,MLAT,THA,337,2025-02-20 06:00:32+00:00,670.6806187885679
392fca02,2025-02-20 05:30:00+00:00,TG960,A359,BKK,ARN,37825,310,-960,56.88684,17.56503,MLAT,THA,5,2025-02-20 06:02:40+00:00,308.4219385700341
392fca02,2025-02-20 06:00:00+00:00,TG960,A359,BKK,ARN,3075,235,-1728,59.60719,18.29857,MLAT,THA,25,2025-02-20 06:03:56+00:00,20.81648791583159
39308011,2025-02-20 05:00:00+00:00,SK904,A333,EWR,ARN,39000,479,0,61.79433,3.13477,ADSB,SAS,99,2025-02-20 06:04:48+00:00,837.391705950869
39308011,2025-02-20 05:30:00+00:00,SK904,A333,EWR,ARN,39000,477,0,60.8718,11.17378,ADSB,SAS,107,2025-02-20 06:04:48+00:00,396.78816906756225
39308011,2025-02-20 06:00:00+00:00,SK904,A333,EWR,ARN,5275,252,-768,59.83887,18.14346,ADSB,SAS,105,2025-02-20 06:04:46+00:00,23.554557285845167
393084e3,2025-02-20 05:00:00+00:00,QR169,B788,DOH,ARN,39450,420,-1984,58.40672,20.46086,MLAT,QTR,324,2025-02-20 05:26:24+00:00,200.04992934658515
393084e3,2025-02-20 05:30:00+00:00,QR169,B788,DOH,ARN,0,15,0,59.64822,17.92067,ADSB,QTR,5,,1.2278813380883102
3930eafa,2025-02-20 05:00:00+00:00,CAO3105,A332,CTU,ARN,36000,190,0,50.81163,91.15987,ADSB,CAO,331,2025-02-20 10:59:12+00:00,4497.167479214262
3930eafa,2025-02-20 05:30:00+00:00,CAO3105,A332,CTU,ARN,36000,440,0,54.08369,88.15349,ADSB,CAO,329,2025-02-20 10:59:12+00:00,4107.859763126409
3930eafa,2025-02-20 06:00:00+00:00,CAO3105,A332,CTU,ARN,36000,439,0,57.1545,84.70613,ADSB,CAO,322,2025-02-20 11:03:28+00:00,3733.824644712589
3930eafa,2025-02-20 06:30:00+00:00,CAO3105,A332,CTU,ARN,38000,434,0,59.76409,79.90025,ADSB,CAO,311,2025-02-20 10:59:12+00:00,3346.606338927096
3930eafa,2025-02-20 07:00:00+00:00,CAO3105,A332,CTU,ARN,38000,415,0,61.56934,73.82894,ADSB,CAO,288,2025-02-20 11:07:44+00:00,2962.86950264647
3930eafa,2025-02-20 07:30:00+00:00,CAO3105,A332,CTU,ARN,38000,423,-64,62.41412,66.70666,ADSB,CAO,279,2025-02-20 11:03:28+00:00,2580.479746257077
3930eafa,2025-02-20 08:00:00+00:00,CAO3105,A332,CTU,ARN,38000,426,-256,63.21421,59.20741,ADSB,CAO,280,2025-02-20 11:01:20+00:00,2189.5783547455812
3930eafa,2025-02-20 08:30:00+00:00,CAO3105,A332,CTU,ARN,38000,435,0,63.65325,51.24078,ADSB,CAO,273,2025-02-20 10:59:12+00:00,1790.9800519281036
3930eafa,2025-02-20 09:00:00+00:00,CAO3105,A332,CTU,ARN,38000,438,0,63.61806,43.10156,ADSB,CAO,264,2025-02-20 10:57:04+00:00,1389.6841469509045
3930eafa,2025-02-20 09:30:00+00:00,CAO3105,A332,CTU,ARN,38000,452,-64,63.03387,35.04628,ADSB,CAO,253,2025-02-20 10:54:56+00:00,982.8274400459838
3930eafa,2025-02-20 10:00:00+00:00,CAO3105,A332,CTU,ARN,38000,474,128,61.69181,27.34458,MLAT,CAO,244,2025-02-20 10:50:40+00:00,559.4562742679714
3930eafa,2025-02-20 10:30:00+00:00,CAO3105,A332,CTU,ARN,17375,385,-768,59.98473,20.44324,MLAT,CAO,237,2025-02-20 10:47:28+00:00,144.69867197729073
3930eafa,2025-02-20 11:00:00+00:00,CAO3105,A332,CTU,ARN,0,8,0,59.64045,17.93513,ADSB,CAO,14,,1.4797126752011478
3930fa20,2025-02-20 05:00:00+00:00,SK958,A333,MIA,ARN,38000,514,0,39.44934,-56.05347,ESTIMATED,SAS,75,2025-02-20 10:59:12+00:00,5449.758173630696
3930fa20,2025-02-20 05:30:00+00:00,SK958,A333,MIA,ARN,38000,548,0,40.86764,-48.79373,ESTIMATED,SAS,69,2025-02-20 10:50:40+00:00,4926.942603986903
3930fa20,2025-02-20 06:00:00+00:00,SK958,A333,MIA,ARN,38000,548,0,42.35315,-43.04696,ESTIMATED,SAS,72,2025-02-20 10:50:40+00:00,4483.01674943877
3930fa20,2025-02-20 06:30:00+00:00,SK958,A333,MIA,ARN,38000,548,0,43.68621,-37.09483,ESTIMATED,SAS,73,2025-02-20 10:50:40+00:00,4041.572110469131
3930fa20,2025-02-20 07:00:00+00:00,SK958,A333,MIA,ARN,38000,548,0,44.85388,-30.94308,ESTIMATED,SAS,77,2025-02-20 10:50:40+00:00,3604.3426414397272
3930fa20,2025-02-20 07:30:00+00:00,SK958,A333,MIA,ARN,38000,548,0,47.25099,-25.45152,ESTIMATED,SAS,56,2025-02-20 10:50:40+00:00,3113.7076128501917
3930fa20,2025-02-20 08:00:00+00:00,SK958,A333,MIA,ARN,38000,548,0,49.66293,-19.62658,ESTIMATED,SAS,56,2025-02-20 10:50:40+00:00,2613.6148946955373
3930fa20,2025-02-20 08:30:00+00:00,SK958,A333,MIA,ARN,41000,548,64,52.34483,-12.92078,ADSB,SAS,57,2025-02-20 10:46:24+00:00,2060.065765933437
3930fa20,2025-02-20 09:00:00+00:00,SK958,A333,MIA,ARN,41000,535,64,54.77133,-6.61789,ADSB,SAS,51,2025-02-20 10:46:24+00:00,1564.2521016923665
3930fa20,2025-02-20 09:30:00+00:00,SK958,A333,MIA,ARN,41000,515,64,57.34053,-0.31199,ADSB,SAS,56,2025-02-20 10:50:40+00:00,1087.4449240921272
3930fa20,2025-02-20 10:00:00+00:00,SK958,A333,MIA,ARN,41000,491,128,59.20139,6.63931,ADSB,SAS,69,2025-02-20 10:50:40+00:00,640.3145736588785
3930fa20,2025-02-20 10:30:00+00:00,SK958,A333,MIA,ARN,40250,494,-1024,60.05704,14.29194,ADSB,SAS,98,2025-02-20 10:52:48+00:00,208.5526343049594
39310bf0,2025-02-20 05:00:00+00:00,5O4408,B738,CDG,ARN,7425,280,-1600,59.60307,17.3833,ADSB,FPO,37,2025-02-20 05:08:43+00:00,31.78720219725909
3931101c,2025-02-20 05:00:00+00:00,SK1415,A20N,ARN,CPH,0,0,0,59.65399,17.929,ADSB,SZS,73,,0.609636590579813
3931101c,2025-02-20 05:30:00+00:00,SK1415,A20N,ARN,CPH,37750,444,-960,57.86398,15.03054,ADSB,SZS,219,2025-02-20 06:02:40+00:00,260.23396600836435
3931101c,2025-02-20 06:00:00+00:00,SK1415,A20N,ARN,CPH,0,17,0,55.6138,12.6423,ADSB,SZS,33,2025-02-20 05:59:08+00:00,548.470474302055
3931152f,2025-02-20 05:00:00+00:00,5X282,B762,CGN,ARN,6425,264,-1344,59.72266,17.59082,ADSB,SRR,38,2025-02-20 05:07:46+00:00,21.03974829056566
39311de6,2025-02-20 05:00:00+00:00,,A306,LEJ,ARN,16675,340,-1920,59.06757,17.80912,ADSB,ABR,23,2025-02-20 05:17:56+00:00,65.57699809658425
39313576,2025-02-20 05:00:00+00:00,FR4617,B738,GDN,ARN,0,0,0,54.38046,18.46733,ADSB,RYS,22,,587.2041888242867
39313576,2025-02-20 05:30:00+00:00,FR4617,B738,GDN,ARN,8000,266,4416,54.46695,18.28062,MLAT,RYS,337,,577.0890063624274
39313576,2025-02-20 06:00:00+00:00,FR4617,B738,GDN,ARN,36000,366,0,57.28459,17.6327,MLAT,RYS,8,2025-02-20 06:38:56+00:00,264.01970429703226
39313576,2025-02-20 06:30:00+00:00,FR4617,B738,GDN,ARN,4175,188,-320,59.70266,18.55147,MLAT,RYS,325,2025-02-20 06:33:46+00:00,34.76826339454352
3931372c,2025-02-20 05:00:00+00:00,EK157,B77W,DXB,ARN,15450,437,2496,25.87387,55.66234,ADSB,UAE,33,2025-02-20 11:16:16+00:00,4736.251072507799
3931372c,2025-02-20 05:30:00+00:00,EK157,B77W,DXB,ARN,33000,490,0,29.81414,56.31813,ESTIMATED,UAE,7,2025-02-20 11:14:08+00:00,4381.346782976131
3931372c,2025-02-20 06:00:00+00:00,EK157,B77W,DXB,ARN,33000,490,0,33.74553,56.35882,ESTIMATED,UAE,321,2025-02-20 11:14:08+00:00,4008.1951630625467
3931372c,2025-02-20 06:30:00+00:00,EK157,B77W,DXB,ARN,34000,482,0,37.17908,54.59877,ADSB,UAE,351,2025-02-20 11:09:52+00:00,3601.51421796636
3931372c,2025-02-20 07:00:00+00:00,EK157,B77W,DXB,ARN,34000,475,0,40.8338,52.72693,ADSB,UAE,336,2025-02-20 11:12:00+00:00,3177.022618772983
3931372c,2025-02-20 07:30:00+00:00,EK157,B77W,DXB,ARN,34000,489,0,44.67956,51.43497,ADSB,UAE,349,2025-02-20 11:09:52+00:00,2778.7121042760978
3931372c,2025-02-20 08:00:00+00:00,EK157,B77W,DXB,ARN,34000,491,0,48.79871,50.28131,ADSB,UAE,348,2025-02-20 11:07:44+00:00,2389.5658623049694
3931372c,2025-02-20 08:30:00+00:00,EK157,B77W,DXB,ARN,34000,447,0,51.94949,47.40517,MLAT,UAE,288,2025-02-20 11:12:00+00:00,2008.9454513531807
3931372c,2025-02-20 09:00:00+00:00,EK157,B77W,DXB,ARN,34000,364,0,53.30767,42.88023,ESTIMATED,UAE,302,2025-02-20 11:12:00+00:00,1672.9516320234982
3931372c,2025-02-20 09:30:00+00:00,EK157,B77W,DXB,ARN,35975,110,-64,55.70677,36.56059,MLAT,UAE,322,2025-02-20 11:12:00+00:00,1185.851480981294
3931372c,2025-02-20 10:00:00+00:00,EK157,B77W,DXB,ARN,36000,472,-64,57.0211,30.05595,MLAT,UAE,300,2025-02-20 11:07:44+00:00,763.987731914363
3931372c,2025-02-20 10:30:00+00:00,EK157,B77W,DXB,ARN,36000,280,64,58.50692,23.70673,MLAT,UAE,286,2025-02-20 11:07:44+00:00,353.16307355088554
3931372c,2025-02-20 11:00:00+00:00,EK157,B77W,DXB,ARN,4700,202,-704,59.65859,18.48565,MLAT,UAE,308,2025-02-20 11:06:05+00:00,30.667001912618062
3931390f,2025-02-20 05:00:00+00:00,AF1463,BCS3,ARN,CDG,0,0,0,59.64437,17.92699,ADSB,AFR,50,,1.2490666721878334
3931390f,2025-02-20 05:30:00+00:00,AF1463,BCS3,ARN,CDG,0,0,0,59.64373,17.92547,ADSB,AFR,47,,1.3567740824383203
3931390f,2025-02-20 06:00:00+00:00,AF1463,BCS3,ARN,CDG,32200,464,1152,57.78222,15.22366,ADSB,AFR,215,2025-02-20 07:51:28+00:00,260.5170751339221
3931390f,2025-02-20 06:30:00+00:00,AF1463,BCS3,ARN,CDG,34225,436,704,54.7506,11.315,ADSB,AFR,215,2025-02-20 07:51:28+00:00,674.9224767560357
3931390f,2025-02-20 07:00:00+00:00,AF1463,BCS3,ARN,CDG,36000,438,-64,51.77078,7.89783,ADSB,AFR,213,2025-02-20 07:51:28+00:00,1076.4055408120096
3931390f,2025-02-20 07:30:00+00:00,AF1463,BCS3,ARN,CDG,15300,329,-1344,49.52967,3.82977,ADSB,AFR,238,2025-02-20 07:46:32+00:00,1440.8144873082663
39313a52,2025-02-20 05:30:00+00:00,SK130,A20N,MMX,ARN,31000,398,0,56.33125,14.52701,ADSB,SZS,34,2025-02-20 06:13:20+00:00,420.5034935194582
39313a52,2025-02-20 06:00:00+00:00,SK130,A20N,MMX,ARN,15575,299,-1920,58.79664,17.85562,ADSB,SZS,37,2025-02-20 06:17:07+00:00,95.40380608029834
39313aee,2025-02-20 05:00:00+00:00,ZX163,AT72,ARN,VBY,8000,200,0,58.53243,18.1763,MLAT,IMX,166,2025-02-20 05:17:52+00:00,125.39165305083596
39313cd3,2025-02-20 05:30:00+00:00,SK1583,A20N,ARN,AGP,27250,500,1536,58.28636,16.72846,ADSB,SZS,203,2025-02-20 09:12:32+00:00,167.12328288942302
39313cd3,2025-02-20 06:00:00+00:00,SK1583,A20N,ARN,AGP,36000,467,0,54.65405,13.89609,ADSB,SZS,203,2025-02-20 09:12:32+00:00,606.7912225725171
39313cd3,2025-02-20 06:30:00+00:00,SK1583,A20N,ARN,AGP,36000,463,0,51.08922,11.42143,ADSB,SZS,201,2025-02-20 09:12:32+00:00,1036.3913383713966
39313cd3,2025-02-20 07:00:00+00:00,SK1583,A20N,ARN,AGP,37000,472,-64,47.89009,8.24043,ADSB,SZS,219,2025-02-20 09:08:16+00:00,1451.6176672794793
39313cd3,2025-02-20 07:30:00+00:00,SK1583,A20N,ARN,AGP,37000,480,64,44.37341,5.61964,ADSB,SZS,200,2025-02-20 09:06:08+00:00,1889.7181895469757
39313cd3,2025-02-20 08:00:00+00:00,SK1583,A20N,ARN,AGP,37000,466,0,41.3848,2.23921,ADSB,SZS,232,2025-02-20 09:08:16+00:00,2301.568474138641
39313cd3,2025-02-20 08:30:00+00:00,SK1583,A20N,ARN,AGP,36975,477,0,38.76908,-1.68665,ADSB,SZS,232,2025-02-20 09:04:00+00:00,2701.8440401142225
39313cd3,2025-02-20 09:00:00+00:00,SK1583,A20N,ARN,AGP,6900,233,-320,36.99902,-4.78005,ADSB,SZS,193,2025-02-20 09:06:34+00:00,2994.8471922265
39313d45,2025-02-20 05:00:00+00:00,CAO3157,A332,ARN,CDG,0,1,0,59.6563,17.94081,ADSB,CAO,255,,0.3113895792268388
39313d45,2025-02-20 05:30:00+00:00,CAO3157,A332,ARN,CDG,31700,450,704,58.57645,15.86461,ADSB,CAO,224,2025-02-20 07:28:00+00:00,168.4322418167019
39313d45,2025-02-20 06:00:00+00:00,CAO3157,A332,ARN,CDG,38000,430,64,55.91161,11.22331,ADSB,CAO,225,2025-02-20 07:28:00+00:00,575.369850503368
39313d45,2025-02-20 06:30:00+00:00,CAO3157,A332,ARN,CDG,38000,432,0,53.15442,7.2848,ADSB,CAO,214,2025-02-20 07:25:52+00:00,973.4399339926676
39313d45,2025-02-20 07:00:00+00:00,CAO3157,A332,ARN,CDG,24750,424,-2048,50.13194,4.15254,ADSB,CAO,206,2025-02-20 07:25:10+00:00,1372.284774806109
39314035,2025-02-20 05:00:00+00:00,FR8923,B738,MLA,ARN,0,10,0,35.8564,14.47272,ADSB,MAY,208,,2657.9307131823393
39314035,2025-02-20 05:30:00+00:00,FR8923,B738,MLA,ARN,36000,428,0,38.07198,14.87081,ADSB,MAY,8,2025-02-20 08:36:16+00:00,2409.621649130741
39314035,2025-02-20 06:00:00+00:00,FR8923,B738,MLA,ARN,36000,407,0,41.50992,15.51007,ADSB,MAY,8,2025-02-20 08:40:32+00:00,2024.4264936422007
39314035,2025-02-20 06:30:00+00:00,FR8923,B738,MLA,ARN,36000,384,0,44.75099,16.39415,ADSB,MAY,14,2025-02-20 08:42:40+00:00,1660.3195678899638
39314035,2025-02-20 07:00:00+00:00,FR8923,B738,MLA,ARN,36000,359,0,47.76697,17.20121,ADSB,MAY,10,2025-02-20 08:44:48+00:00,1322.5993001898635
39314035,2025-02-20 07:30:00+00:00,FR8923,B738,MLA,ARN,38000,364,0,50.77496,17.39581,ADSB,MAY,358,2025-02-20 08:51:12+00:00,987.8478753018412
39314035,2025-02-20 08:00:00+00:00,FR8923,B738,MLA,ARN,38000,372,0,53.84543,17.40532,MLAT,MAY,358,2025-02-20 08:53:20+00:00,646.6489209913209
39314035,2025-02-20 08:30:00+00:00,FR8923,B738,MLA,ARN,38000,377,0,56.93293,17.5615,MLAT,MAY,5,2025-02-20 09:04:00+00:00,303.32407351383597
39314035,2025-02-20 09:00:00+00:00,FR8923,B738,MLA,ARN,3800,245,-448,59.5984,18.32925,MLAT,MAY,29,2025-02-20 09:03:34+00:00,22.738244978175015
3931418c,2025-02-20 05:00:00+00:00,FR7603,B38M,ARN,BUD,0,0,0,59.64695,17.92474,ADSB,RYR,306,,1.1203749457113235
3931418c,2025-02-20 05:30:00+00:00,FR7603,B38M,ARN,BUD,39000,485,0,56.98421,17.33574,ADSB,RYR,184,2025-02-20 06:56:00+00:00,298.9021817955155
3931418c,2025-02-20 06:00:00+00:00,FR7603,B38M,ARN,BUD,39000,518,64,52.9742,18.53409,MLAT,RYR,168,2025-02-20 06:56:00+00:00,743.6051030684239
3931418c,2025-02-20 06:30:00+00:00,FR7603,B38M,ARN,BUD,26925,456,-1984,48.89486,19.53088,MLAT,RYR,194,2025-02-20 06:58:57+00:00,1200.6739508985684
393142c1,2025-02-20 05:00:00+00:00,SK1,A20N,LLA,ARN,0,5,0,65.54683,22.12417,ADSB,SAS,143,,689.0296065575349
393142c1,2025-02-20 05:30:00+00:00,SK1,A20N,LLA,ARN,33975,425,0,63.56937,20.6412,ADSB,SAS,198,2025-02-20 06:17:36+00:00,458.1421520821795
393142c1,2025-02-20 06:00:00+00:00,SK1,A20N,LLA,ARN,14625,344,-1984,60.30386,18.50922,ADSB,SAS,191,2025-02-20 06:15:07+00:00,78.94526722234346
393142dd,2025-02-20 05:00:00+00:00,SK27,A20N,UME,ARN,0,6,0,63.79259,20.28676,ADSB,SZS,272,,476.47518391391884
393142dd,2025-02-20 05:30:00+00:00,SK27,A20N,UME,ARN,26375,466,-2560,60.90569,18.8338,ADSB,SZS,192,2025-02-20 05:59:17+00:00,147.69340042093287
393142dd,2025-02-20 06:00:00+00:00,SK27,A20N,UME,ARN,0,0,0,59.65481,17.93516,ADSB,SZS,75,,0.2969865588022704
393142dd,2025-02-20 06:30:00+00:00,SK27,A20N,UME,ARN,0,0,0,59.65478,17.93511,ADSB,SZS,75,,0.2979111387710734
39314404,2025-02-20 05:00:00+00:00,SK481,A20N,ARN,OSL,0,0,0,59.65432,17.93243,ADSB,SZS,351,,0.42378570994999065
39314404,2025-02-20 05:30:00+00:00,SK481,A20N,ARN,OSL,34000,395,-64,59.84734,14.61429,ADSB,SZS,279,2025-02-20 05:56:16+00:00,187.50587602520898
39314404,2025-02-20 06:00:00+00:00,SK481,A20N,ARN,OSL,0,12,0,60.19718,11.10479,ADSB,SZS,194,,385.45338762740056
39314435,2025-02-20 05:00:00+00:00,SK1783,A20N,TLL,ARN,0,0,0,59.41528,24.80212,ADSB,SAS,92,,387.6158821804316
39314435,2025-02-20 05:30:00+00:00,SK1783,A20N,TLL,ARN,30025,429,0,59.57786,21.71349,MLAT,SAS,274,2025-02-20 05:56:16+00:00,212.37746375124755
39314439,2025-02-20 05:00:00+00:00,SK1741,CRJ9,VNO,ARN,0,8,0,54.64526,25.29035,ADSB,BCY,118,,710.9793982016805
39314439,2025-02-20 05:30:00+00:00,SK1741,CRJ9,VNO,ARN,36000,373,0,56.87687,24.00486,ADSB,BCY,334,2025-02-20 06:15:28+00:00,469.9540620495788
39314439,2025-02-20 06:00:00+00:00,SK1741,CRJ9,VNO,ARN,27525,375,-2368,59.1812,20.27618,ADSB,BCY,308,2025-02-20 06:28:43+00:00,142.22029702855028
39314439,2025-02-20 06:30:00+00:00,SK1741,CRJ9,VNO,ARN,0,12,0,59.65305,17.92742,ADSB,BCY,165,,0.6985685095114181
39314450,2025-02-20 05:00:00+00:00,OS318,A320,ARN,VIE,0,0,0,59.65345,17.93807,ADSB,AUA,255,,0.09865538277014317
39314450,2025-02-20 05:30:00+00:00,OS318,A320,ARN,VIE,0,0,0,59.65345,17.93805,ADSB,AUA,255,,0.09977257208305085
39314450,2025-02-20 06:00:00+00:00,OS318,A320,ARN,VIE,0,154,1152,59.65137,17.91833,ADSB,AUA,190,,1.2310849854584325
39314450,2025-02-20 06:30:00+00:00,OS318,A320,ARN,VIE,35000,474,0,56.52163,17.51375,ADSB,AUA,192,2025-02-20 07:49:20+00:00,349.15045254098936
39314450,2025-02-20 07:00:00+00:00,OS318,A320,ARN,VIE,35000,250,0,52.5404,17.09451,MLAT,AUA,183,2025-02-20 07:51:28+00:00,792.6643167411507
39314450,2025-02-20 07:30:00+00:00,OS318,A320,ARN,VIE,12725,400,-2496,48.60695,16.53523,MLAT,AUA,189,2025-02-20 07:44:24+00:00,1231.658413476157
39314450,2025-02-20 08:00:00+00:00,OS318,A320,ARN,VIE,0,1,0,48.1171,16.56864,ADSB,AUA,157,,1285.867309559655
393144a3,2025-02-20 05:00:00+00:00,AY801,A320,HEL,ARN,0,2,0,60.32019,24.967,ADSB,FIN,64,,397.6138942699004
393144a3,2025-02-20 05:30:00+00:00,AY801,A320,HEL,ARN,32650,430,2432,60.05626,22.19529,MLAT,FIN,257,2025-02-20 06:00:32+00:00,241.76809587314781
393144a3,2025-02-20 06:00:00+00:00,AY801,A320,HEL,ARN,0,13,0,59.64332,17.92335,ADSB,FIN,118,,1.4658289668304436
39314555,2025-02-20 05:30:00+00:00,FR4626,B738,ARN,KRK,30000,481,1472,58.54344,17.52284,ADSB,RYR,184,2025-02-20 06:53:52+00:00,125.71308523413879
39314555,2025-02-20 06:00:00+00:00,FR4626,B738,ARN,KRK,37000,490,0,54.59665,18.07469,MLAT,RYR,163,2025-02-20 06:51:44+00:00,562.359679805435
39314555,2025-02-20 06:30:00+00:00,FR4626,B738,ARN,KRK,16325,180,-1472,50.91785,19.77283,MLAT,RYR,165,2025-02-20 06:46:10+00:00,978.178209482479
3931472a,2025-02-20 05:30:00+00:00,FR4688,B38M,ARN,ALC,18675,384,1856,59.20308,17.18985,ADSB,MAY,222,2025-02-20 09:01:52+00:00,65.63421811680419
3931472a,2025-02-20 06:00:00+00:00,FR4688,B38M,ARN,ALC,34325,433,768,56.45413,12.73041,ADSB,MAY,218,2025-02-20 08:59:44+00:00,469.3043863098322
3931472a,2025-02-20 06:30:00+00:00,FR4688,B38M,ARN,ALC,36000,429,0,53.60835,8.93802,ADSB,MAY,215,2025-02-20 09:01:52+00:00,867.3497469008223
3931472a,2025-02-20 07:00:00+00:00,FR4688,B38M,ARN,ALC,36000,423,0,50.83686,5.32288,ADSB,MAY,222,2025-02-20 09:01:52+00:00,1260.9044437880568
3931472a,2025-02-20 07:30:00+00:00,FR4688,B38M,ARN,ALC,37000,448,-64,47.85622,2.44411,ADSB,MAY,196,2025-02-20 08:59:44+00:00,1652.3830733237578
3931472a,2025-02-20 08:00:00+00:00,FR4688,B38M,ARN,ALC,37000,471,0,44.14746,0.97152,ADSB,MAY,196,2025-02-20 08:55:28+00:00,2067.194711361629
3931472a,2025-02-20 08:30:00+00:00,FR4688,B38M,ARN,ALC,30725,422,-640,40.20589,-0.20294,ADSB,MAY,196,2025-02-20 09:01:46+00:00,2503.831177624039
393147a9,2025-02-20 05:30:00+00:00,SK1011,A20N,SFT,ARN,34000,493,0,63.10966,20.02258,ADSB,SZS,195,2025-02-20 06:09:04+00:00,399.9384525641314
393147a9,2025-02-20 06:00:00+00:00,SK1011,A20N,SFT,ARN,2475,168,-896,59.69761,18.23295,ADSB,SZS,244,2025-02-20 06:02:05+00:00,17.170991938035193
393147f9,2025-02-20 05:30:00+00:00,BT101,BCS3,RIX,ARN,30000,362,0,57.42934,22.36525,ADSB,BTI,312,2025-02-20 06:09:04+00:00,356.39935428078866
393147f9,2025-02-20 06:00:00+00:00,BT101,BCS3,RIX,ARN,11425,330,-2560,59.62537,18.8399,ADSB,BTI,254,2025-02-20 06:14:31+00:00,50.68334335960212
39314810,2025-02-20 05:30:00+00:00,SK1805,A20N,ARN,PMI,25725,442,1536,58.86889,17.08497,ADSB,SZS,205,2025-02-20 08:34:08+00:00,99.86288835913035
39314810,2025-02-20 06:00:00+00:00,SK1805,A20N,ARN,PMI,38000,460,0,55.35956,14.13238,ADSB,SZS,203,2025-02-20 08:34:08+00:00,528.6648517868199
39314810,2025-02-20 06:30:00+00:00,SK1805,A20N,ARN,PMI,37000,456,0,51.83107,11.77597,ADSB,SZS,200,2025-02-20 08:36:16+00:00,950.5859276492026
39314810,2025-02-20 07:00:00+00:00,SK1805,A20N,ARN,PMI,37225,467,832,48.53415,8.85932,ADSB,SZS,216,2025-02-20 08:29:52+00:00,1368.0215498593248
39314810,2025-02-20 07:30:00+00:00,SK1805,A20N,ARN,PMI,39000,468,0,45.1722,6.12334,ADSB,SZS,204,2025-02-20 08:29:52+00:00,1792.4860799673602
39314810,2025-02-20 08:00:00+00:00,SK1805,A20N,ARN,PMI,39000,488,0,41.61523,3.81903,ADSB,SZS,195,2025-02-20 08:27:44+00:00,2228.6675417379324
39314873,2025-02-20 08:00:00+00:00,HP302,F50,ARN,OER,2400,158,0,59.60353,17.86312,MLAT,APF,253,,7.0371700462598525
39314873,2025-02-20 08:30:00+00:00,HP302,F50,ARN,OER,18900,295,0,61.43879,18.36932,MLAT,APF,11,2025-02-20 09:04:30+00:00,199.89328589751767
39314873,2025-02-20 09:00:00+00:00,HP302,F50,ARN,OER,2700,174,0,63.34666,19.11849,MLAT,APF,3,2025-02-20 09:06:54+00:00,415.37182338334156
393148b9,2025-02-20 05:30:00+00:00,SK1126,AT76,RNB,ARN,22975,229,0,57.33577,16.30182,ADSB,BRX,28,2025-02-20 06:06:56+00:00,274.71785993676036
393148b9,2025-02-20 06:00:00+00:00,SK1126,AT76,RNB,ARN,10300,256,-1472,59.18559,18.01379,ADSB,BRX,15,2025-02-20 06:10:13+00:00,52.20221438120341
393149ae,2025-02-20 05:30:00+00:00,HP281,F50,MHQ,ARN,200,110,0,59.66964,18.02419,MLAT,APF,254,2025-02-20 05:30:40+00:00,5.065571129834678
39314a27,2025-02-20 05:30:00+00:00,W61731,A321,GDN,ARN,19650,342,2240,54.83586,17.95069,MLAT,WZZ,331,2025-02-20 06:21:52+00:00,535.7025276894726
39314a27,2025-02-20 06:00:00+00:00,W61731,A321,GDN,ARN,34025,374,0,57.82921,17.69506,MLAT,WZZ,5,2025-02-20 06:26:08+00:00,203.34739556209826
39314a27,2025-02-20 06:30:00+00:00,W61731,A321,GDN,ARN,0,23,0,59.65588,17.93747,ADSB,WZZ,255,,0.2911731512023276
39314e0a,2025-02-20 05:30:00+00:00,SK140,A20N,GOT,ARN,0,4,0,57.67587,12.29407,ADSB,SZS,289,,393.42712624838447
39314e0a,2025-02-20 06:00:00+00:00,SK140,A20N,GOT,ARN,26275,396,-2624,59.49595,16.42163,ADSB,SZS,51,2025-02-20 06:28:29+00:00,87.2654982693299
39314fb8,2025-02-20 05:30:00+00:00,SK2178,AT76,AGH,ARN,2125,190,1600,56.3665,12.88746,ADSB,BRX,46,,471.08335604426037
39314fb8,2025-02-20 06:00:00+00:00,SK2178,AT76,AGH,ARN,17000,265,0,57.69973,15.47947,ADSB,BRX,47,2025-02-20 06:36:48+00:00,259.6287406569443
39314fb8,2025-02-20 06:30:00+00:00,SK2178,AT76,AGH,ARN,8000,254,0,59.32347,18.04852,ADSB,BRX,22,2025-02-20 06:36:48+00:00,37.21217356867196
39314fef,2025-02-20 05:30:00+00:00,SK1827,A20N,ARN,NCE,0,15,0,59.65746,17.92424,ADSB,SAS,348,,0.9773004387893979
39314fef,2025-02-20 06:00:00+00:00,SK1827,A20N,ARN,NCE,36000,464,0,56.72333,15.48841,ADSB,SAS,197,2025-02-20 08:17:04+00:00,356.04196597966853
39314fef,2025-02-20 06:30:00+00:00,SK1827,A20N,ARN,NCE,35975,462,0,53.04607,13.78357,ADSB,SAS,182,2025-02-20 08:12:48+00:00,777.6930548706605
39314fef,2025-02-20 07:00:00+00:00,SK1827,A20N,ARN,NCE,36125,461,640,49.2735,12.87619,ADSB,SAS,204,2025-02-20 08:12:48+00:00,1198.8442659533607
39314fef,2025-02-20 07:30:00+00:00,SK1827,A20N,ARN,NCE,36975,447,-64,45.97834,10.33896,ADSB,SAS,221,2025-02-20 08:08:32+00:00,1601.6305702746167
39314fef,2025-02-20 08:00:00+00:00,SK1827,A20N,ARN,NCE,6875,282,-1536,43.59975,7.66617,ADSB,SAS,164,2025-02-20 08:07:52+00:00,1915.6068155930943
39314fef,2025-02-20 08:30:00+00:00,SK1827,A20N,ARN,NCE,0,0,0,43.66483,7.21489,ADSB,SAS,315,,1920.0055562388468
39314ff1,2025-02-20 05:30:00+00:00,SK75,A20N,OSD,ARN,0,7,0,63.19729,14.49517,ADSB,SZS,286,,434.40667070475183
39314ff1,2025-02-20 06:00:00+00:00,SK75,A20N,OSD,ARN,24725,414,-1984,60.84384,17.70371,ADSB,SZS,148,2025-02-20 06:25:47+00:00,132.99418219025958
39314ff9,2025-02-20 05:30:00+00:00,SN2298,A320,ARN,BRU,0,0,0,59.65307,17.93802,ADSB,BEL,255,,0.11388611793725502
39314ff9,2025-02-20 06:00:00+00:00,SN2298,A320,ARN,BRU,0,18,0,59.65803,17.92433,ADSB,BEL,11,,1.0027370789244252
39314ff9,2025-02-20 06:30:00+00:00,SN2298,A320,ARN,BRU,38000,458,0,57.05238,14.23784,ADSB,BEL,214,2025-02-20 07:57:52+00:00,360.8639146898919
39314ff9,2025-02-20 07:00:00+00:00,SN2298,A320,ARN,BRU,38000,445,-64,54.09018,10.35689,ADSB,BEL,216,2025-02-20 07:57:52+00:00,770.3733256352497
39314ff9,2025-02-20 07:30:00+00:00,SN2298,A320,ARN,BRU,21575,396,-1024,51.26472,6.53381,ADSB,BEL,246,2025-02-20 07:51:31+00:00,1174.433955867437
39315028,2025-02-20 05:30:00+00:00,HP301,F50,OER,ARN,12100,228,0,63.0498,19.01136,MLAT,APF,183,2025-02-20 06:24:00+00:00,381.92841908808725
39315028,2025-02-20 06:00:00+00:00,HP301,F50,OER,ARN,17700,340,0,60.57898,18.4567,MLAT,APF,185,2025-02-20 06:21:52+00:00,106.81303741151441
3931504f,2025-02-20 05:30:00+00:00,KL1214,B738,ARN,AMS,0,0,0,59.64328,17.92726,ADSB,KLM,42,,1.3418434219559912
3931504f,2025-02-20 06:00:00+00:00,KL1214,B738,ARN,AMS,25375,423,1792,59.02205,16.76987,ADSB,KLM,220,2025-02-20 07:32:16+00:00,96.60057825083445
3931504f,2025-02-20 06:30:00+00:00,KL1214,B738,ARN,AMS,38000,420,64,56.48795,11.99607,ADSB,KLM,225,2025-02-20 07:30:08+00:00,495.71167732033155
3931504f,2025-02-20 07:00:00+00:00,KL1214,B738,ARN,AMS,37275,409,-1536,53.98856,7.75109,ADSB,KLM,222,2025-02-20 07:32:16+00:00,882.0334534711619
3931504f,2025-02-20 07:30:00+00:00,KL1214,B738,ARN,AMS,0,138,-832,52.31374,4.80263,ADSB,KLM,221,2025-02-20 07:29:58+00:00,1151.083640885775
393151c8,2025-02-20 05:30:00+00:00,SK1853,A20N,ARN,ALC,0,0,0,59.6531,17.93301,ADSB,SZS,300,,0.3855434975990476
393151c8,2025-02-20 06:00:00+00:00,SK1853,A20N,ARN,ALC,36000,464,0,57.26954,15.6518,ADSB,SZS,204,2025-02-20 09:10:24+00:00,296.5759717031742
393151c8,2025-02-20 06:30:00+00:00,SK1853,A20N,ARN,ALC,36975,452,0,53.78348,13.01621,ADSB,SZS,201,2025-02-20 09:10:24+00:00,718.0782565584921
393151c8,2025-02-20 07:00:00+00:00,SK1853,A20N,ARN,ALC,37025,459,0,50.2733,10.86132,ADSB,SZS,199,2025-02-20 09:08:16+00:00,1135.2053891898329
393151c8,2025-02-20 07:30:00+00:00,SK1853,A20N,ARN,ALC,37000,463,-64,47.23097,7.47049,ADSB,SZS,211,2025-02-20 09:08:16+00:00,1541.3667405765016
393151c8,2025-02-20 08:00:00+00:00,SK1853,A20N,ARN,ALC,37050,478,0,43.66786,5.11799,ADSB,SZS,206,2025-02-20 09:08:16+00:00,1977.4267730592528
393151c8,2025-02-20 08:30:00+00:00,SK1853,A20N,ARN,ALC,35000,476,0,40.11909,2.79584,ADSB,SZS,208,2025-02-20 09:04:00+00:00,2414.8077786407484
393151c8,2025-02-20 09:00:00+00:00,SK1853,A20N,ARN,ALC,6475,248,-576,38.52068,-0.88846,ADSB,SZS,252,2025-02-20 09:06:28+00:00,2699.060627742902
39315222,2025-02-20 05:30:00+00:00,LH809,A321,ARN,FRA,0,0,0,59.65297,17.92989,ADSB,DLH,70,,0.5612883607363681
39315222,2025-02-20 06:00:00+00:00,LH809,A321,ARN,FRA,33425,467,1152,57.7831,15.81003,ADSB,DLH,208,2025-02-20 07:30:08+00:00,241.58864113674187
39315222,2025-02-20 06:30:00+00:00,LH809,A321,ARN,FRA,36000,450,0,54.43912,12.67581,ADSB,DLH,206,2025-02-20 07:30:08+00:00,661.0182818490574
39315222,2025-02-20 07:00:00+00:00,LH809,A321,ARN,FRA,23025,397,-1024,51.08862,10.19746,ADSB,DLH,202,2025-02-20 07:23:05+00:00,1069.0452468534559
393152ae,2025-02-20 06:00:00+00:00,SK2198,AT76,KLR,ARN,17000,243,0,58.05212,17.24747,ADSB,BRX,23,2025-02-20 06:34:40+00:00,182.46559222848012
393152ae,2025-02-20 06:30:00+00:00,SK2198,AT76,KLR,ARN,2300,153,-704,59.69431,18.22064,ADSB,BRX,256,2025-02-20 06:32:45+00:00,16.405387597709293
3931548b,2025-02-20 06:00:00+00:00,D84002,B38M,UME,ARN,34000,438,0,62.26694,19.57937,ADSB,NSZ,195,2025-02-20 06:32:32+00:00,303.7479278642854
3931548b,2025-02-20 06:30:00+00:00,D84002,B38M,UME,ARN,3375,154,-384,59.71279,18.37246,ADSB,NSZ,258,2025-02-20 06:32:47+00:00,25.161572952240647
39315505,2025-02-20 06:00:00+00:00,D84030,B38M,LLA,ARN,23350,410,2432,64.80365,21.64936,ADSB,NSZ,199,2025-02-20 06:56:00+00:00,603.8048343028573
39315505,2025-02-20 06:30:00+00:00,D84030,B38M,LLA,ARN,29675,437,-1920,61.21377,19.06596,ADSB,NSZ,194,2025-02-20 07:02:17+00:00,184.15677914465795
39315629,2025-02-20 06:00:00+00:00,SK86,AT76,VBY,ARN,13000,257,0,58.59558,18.21081,ADSB,BRX,356,2025-02-20 06:21:52+00:00,118.65203945368984
39315629,2025-02-20 06:30:00+00:00,SK86,AT76,VBY,ARN,0,3,0,59.65396,17.93506,ADSB,BRX,75,,0.27114009364477937
39315659,2025-02-20 06:00:00+00:00,JU380,A319,BEG,ARN,11575,311,1920,45.03754,20.31294,ADSB,ASL,352,2025-02-20 08:23:28+00:00,1632.9382971282537
39315659,2025-02-20 06:30:00+00:00,JU380,A319,BEG,ARN,36000,388,0,48.20998,19.63862,ADSB,ASL,349,2025-02-20 08:21:20+00:00,1277.2095053729959
39315659,2025-02-20 07:00:00+00:00,JU380,A319,BEG,ARN,36000,370,0,51.26183,18.7207,ADSB,ASL,348,2025-02-20 08:19:12+00:00,934.3970627033128
39315659,2025-02-20 07:30:00+00:00,JU380,A319,BEG,ARN,36000,230,0,54.27084,17.68626,MLAT,ASL,344,2025-02-20 08:21:20+00:00,598.7256589278227
39315659,2025-02-20 08:00:00+00:00,JU380,A319,BEG,ARN,36000,2,0,57.33482,17.64727,MLAT,ASL,26,2025-02-20 11:09:52+00:00,258.3895747905114
39315659,2025-02-20 08:30:00+00:00,JU380,A319,BEG,ARN,275,130,-640,59.67021,18.02993,MLAT,ASL,266,2025-02-20 08:30:45+00:00,5.38979739760203
3931571a,2025-02-20 06:00:00+00:00,LX1255,A21N,ARN,ZRH,2550,195,2880,59.60394,17.871,ADSB,SWR,238,2025-02-20 08:02:08+00:00,6.737383675505814
3931571a,2025-02-20 06:30:00+00:00,LX1255,A21N,ARN,ZRH,35450,469,640,56.2841,14.83853,ADSB,SWR,203,2025-02-20 08:00:00+00:00,416.8178421535308
3931571a,2025-02-20 07:00:00+00:00,LX1255,A21N,ARN,ZRH,36000,458,0,52.72989,12.34612,ADSB,SWR,201,2025-02-20 08:00:00+00:00,843.3834920560735
3931571a,2025-02-20 07:30:00+00:00,LX1255,A21N,ARN,ZRH,32025,454,-192,49.17815,10.14939,ADSB,SWR,226,2025-02-20 07:57:52+00:00,1267.1818457266472
39315800,2025-02-20 06:30:00+00:00,SK3,A20N,LLA,ARN,36000,464,0,62.29634,19.72817,ADSB,SAS,198,2025-02-20 07:04:32+00:00,309.2694406337728
39315800,2025-02-20 07:00:00+00:00,SK3,A20N,LLA,ARN,1275,141,-896,59.68179,18.12053,ADSB,SAS,255,2025-02-20 07:01:04+00:00,10.622900039911295
39315850,2025-02-20 06:00:00+00:00,D82602,B38M,HEL,ARN,1850,214,2752,60.30838,24.81812,ADSB,NSZ,294,2025-02-20 06:47:28+00:00,389.3131698766973
39315850,2025-02-20 06:30:00+00:00,D82602,B38M,HEL,ARN,7700,230,-640,59.63245,18.70292,MLAT,NSZ,327,2025-02-20 06:38:23+00:00,42.94756177163692
39315a3b,2025-02-20 06:00:00+00:00,JON52,BE20,HFS,ARN,18500,224,1536,59.936,14.85048,ADSB,JON,92,2025-02-20 06:37:01+00:00,175.6373519054152
39315a3b,2025-02-20 06:30:00+00:00,JON52,BE20,HFS,ARN,500,134,-640,59.67288,18.04971,ADSB,JON,256,2025-02-20 06:31:04+00:00,6.53566866248579
39315b65,2025-02-20 06:00:00+00:00,SK150,A20N,GOT,ARN,250,149,2432,57.66385,12.28074,ADSB,SZS,206,,394.85832589105496
39315b65,2025-02-20 06:30:00+00:00,SK150,A20N,GOT,ARN,22600,346,-2112,59.59845,16.52289,ADSB,SZS,45,2025-02-20 06:53:37+00:00,79.90014165395749
39315caa,2025-02-20 06:00:00+00:00,SK402,A20N,CPH,ARN,0,7,0,55.62651,12.65246,ADSB,SAS,275,,546.937221059292
39315caa,2025-02-20 06:30:00+00:00,SK402,A20N,CPH,ARN,35000,424,0,56.59396,14.23923,ADSB,SAS,39,2025-02-20 07:08:48+00:00,403.5497478117445
39315caa,2025-02-20 07:00:00+00:00,SK402,A20N,CPH,ARN,10800,314,-1216,59.0935,18.14544,ADSB,SAS,19,2025-02-20 07:11:52+00:00,63.354057710637974
39315cc7,2025-02-20 06:00:00+00:00,KL1215,E295,AMS,ARN,0,18,0,52.3018,4.76469,ADSB,KLC,59,,1153.7534389129858
39315cc7,2025-02-20 06:30:00+00:00,KL1215,E295,AMS,ARN,35000,437,-64,54.23285,8.02454,ADSB,KLC,47,2025-02-20 07:42:56+00:00,849.8093580036613
39315cc7,2025-02-20 07:00:00+00:00,KL1215,E295,AMS,ARN,35000,430,0,56.61626,12.84276,ADSB,KLC,50,2025-02-20 07:42:56+00:00,450.95587660103143
39315cc7,2025-02-20 07:30:00+00:00,KL1215,E295,AMS,ARN,19350,300,-1088,58.74632,17.58814,ADSB,KLC,21,2025-02-20 07:49:55+00:00,102.84642373805887
39315cc9,2025-02-20 06:00:00+00:00,D82030,B738,RIX,ARN,0,4,0,56.9334,23.97689,ADSB,NSZ,5,,464.4031625939216
39315cc9,2025-02-20 06:30:00+00:00,D82030,B738,RIX,ARN,40000,392,0,58.26767,21.34406,ADSB,NSZ,320,2025-02-20 07:00:16+00:00,248.63299203228578
39315cc9,2025-02-20 07:00:00+00:00,D82030,B738,RIX,ARN,0,21,0,59.65691,17.93885,ADSB,NSZ,255,2025-02-20 06:59:08+00:00,0.3780855394836323
39315e76,2025-02-20 06:00:00+00:00,AY826,A319,ARN,HEL,0,0,0,59.64465,17.9255,ADSB,FIN,33,,1.2748624418384678
39315e76,2025-02-20 06:30:00+00:00,AY826,A319,ARN,HEL,33025,427,-128,60.03424,20.79769,ADSB,FIN,73,2025-02-20 06:56:00+00:00,165.14213632318103
39315e76,2025-02-20 07:00:00+00:00,AY826,A319,ARN,HEL,0,0,0,60.31868,24.96412,ADSB,FIN,160,,397.4343231923896
39315ec7,2025-02-20 06:00:00+00:00,TK1793,A21N,IST,ARN,0,0,0,41.2577,28.7348,ADSB,THY,90,,2177.135044103611
39315ec7,2025-02-20 06:30:00+00:00,TK1793,A21N,IST,ARN,0,0,0,41.26279,28.7218,ADSB,THY,2,,2176.28536375069
39315ec7,2025-02-20 07:00:00+00:00,TK1793,A21N,IST,ARN,0,0,0,41.26734,28.72516,ADSB,THY,2,,2175.8792462203696
39315ec7,2025-02-20 07:30:00+00:00,TK1793,A21N,IST,ARN,34000,408,0,43.66273,26.84369,ADSB,THY,327,2025-02-20 10:14:24+00:00,1877.2665517535304
39315ec7,2025-02-20 08:00:00+00:00,TK1793,A21N,IST,ARN,33950,401,0,46.37654,24.06287,ADSB,THY,322,2025-02-20 10:16:32+00:00,1530.523509746659
39315ec7,2025-02-20 08:30:00+00:00,TK1793,A21N,IST,ARN,34025,383,0,49.14368,21.50391,ADSB,THY,339,2025-02-20 10:18:40+00:00,1190.7636106682376
39315ec7,2025-02-20 09:00:00+00:00,TK1793,A21N,IST,ARN,33975,361,0,51.98866,19.7243,ADSB,THY,338,2025-02-20 10:16:32+00:00,859.4736209484344
39315ec7,2025-02-20 09:30:00+00:00,TK1793,A21N,IST,ARN,33975,386,0,54.85823,17.75213,MLAT,THY,340,2025-02-20 10:22:56+00:00,533.3335961340706
39315ec7,2025-02-20 10:00:00+00:00,TK1793,A21N,IST,ARN,29050,406,-2048,58.07119,17.7572,MLAT,THY,5,2025-02-20 10:25:04+00:00,176.2626934614034
39315ec7,2025-02-20 10:30:00+00:00,TK1793,A21N,IST,ARN,0,1,0,59.6531,17.9382,ADSB,THY,255,,0.10339457565402613
39316041,2025-02-20 06:30:00+00:00,D83194,B38M,CPH,ARN,15400,362,3200,55.77777,13.02438,ADSB,NSZ,38,2025-02-20 07:21:36+00:00,520.2349089223881
39316041,2025-02-20 07:00:00+00:00,D83194,B38M,CPH,ARN,29625,428,-4608,58.50322,17.13354,ADSB,NSZ,27,2025-02-20 07:21:36+00:00,135.9514349953289
39316073,2025-02-20 06:30:00+00:00,SK525,A20N,ARN,LHR,2000,183,2176,59.60968,17.88783,ADSB,SZS,235,,5.6860497421445455
39316073,2025-02-20 07:00:00+00:00,SK525,A20N,ARN,LHR,36000,422,-64,57.02074,13.37414,ADSB,SZS,233,2025-02-20 08:42:40+00:00,395.70773804383293
39316073,2025-02-20 07:30:00+00:00,SK525,A20N,ARN,LHR,36000,418,64,54.86158,8.5854,ADSB,SZS,229,2025-02-20 08:42:40+00:00,773.5661375251515
39316073,2025-02-20 08:00:00+00:00,SK525,A20N,ARN,LHR,36000,386,0,52.64788,4.49404,ADSB,SZS,225,2025-02-20 08:44:48+00:00,1136.4633974832311
39316073,2025-02-20 08:30:00+00:00,SK525,A20N,ARN,LHR,14125,248,-448,51.67639,0.56105,ADSB,SZS,263,2025-02-20 08:43:51+00:00,1397.97899087341
39316074,2025-02-20 06:30:00+00:00,D84321,B738,ARN,NCE,37000,494,0,57.34286,17.81344,ADSB,NSZ,195,2025-02-20 08:49:04+00:00,257.0412198157198
39316074,2025-02-20 07:00:00+00:00,D84321,B738,ARN,NCE,37000,190,0,53.38388,16.014,MLAT,NSZ,192,2025-02-20 08:55:28+00:00,707.0150080991621
39316074,2025-02-20 07:30:00+00:00,D84321,B738,ARN,NCE,38000,270,0,49.69208,13.69549,MLAT,NSZ,212,2025-02-20 08:51:12+00:00,1140.2026493485841
39316074,2025-02-20 08:00:00+00:00,D84321,B738,ARN,NCE,38000,446,64,46.26406,11.37639,MLAT,NSZ,228,2025-02-20 08:51:12+00:00,1550.5691551428768
39316074,2025-02-20 08:30:00+00:00,D84321,B738,ARN,NCE,10950,346,-1728,43.774,7.66082,MLAT,NSZ,191,2025-02-20 08:42:43+00:00,1897.2904649588165
393160ce,2025-02-20 06:30:00+00:00,SK1417,A20N,ARN,CPH,33300,454,1536,58.59004,16.02924,ADSB,SZS,219,2025-02-20 07:10:56+00:00,160.83602793955382
393160ce,2025-02-20 07:00:00+00:00,SK1417,A20N,ARN,CPH,4625,227,-768,55.81453,12.91684,ADSB,SZS,186,2025-02-20 07:04:40+00:00,520.3914793822613
39316149,2025-02-20 06:30:00+00:00,AY803,A320,HEL,ARN,34000,414,0,60.02508,21.93419,MLAT,FIN,257,2025-02-20 07:00:16+00:00,226.90983937429695
39316149,2025-02-20 07:00:00+00:00,AY803,A320,HEL,ARN,0,1,0,59.6449,17.92126,ADSB,FIN,191,,1.4181138760238212
3931626a,2025-02-20 06:30:00+00:00,PC1279,A21N,SAW,ARN,0,0,0,40.8953,29.29217,ADSB,PGT,185,,2229.1205209987056
3931626a,2025-02-20 07:00:00+00:00,PC1279,A21N,SAW,ARN,34000,401,0,41.77895,28.13155,ADSB,PGT,293,2025-02-20 09:59:28+00:00,2107.4686205221715
3931626a,2025-02-20 07:30:00+00:00,PC1279,A21N,SAW,ARN,38000,400,0,44.18008,25.11579,ADSB,PGT,333,2025-02-20 09:59:28+00:00,1787.0898764073002
3931626a,2025-02-20 08:00:00+00:00,PC1279,A21N,SAW,ARN,38000,395,0,47.12562,22.92889,ADSB,PGT,331,2025-02-20 10:03:44+00:00,1430.7906541976477
3931626a,2025-02-20 08:30:00+00:00,PC1279,A21N,SAW,ARN,38000,398,64,50.25365,22.37574,ADSB,PGT,8,2025-02-20 10:05:52+00:00,1082.3158134568039
3931626a,2025-02-20 09:00:00+00:00,PC1279,A21N,SAW,ARN,37975,380,0,53.43782,23.19416,ADSB,PGT,9,2025-02-20 10:12:16+00:00,761.9608750200529
3931626a,2025-02-20 09:30:00+00:00,PC1279,A21N,SAW,ARN,38000,377,0,56.46762,22.12606,MLAT,PGT,335,2025-02-20 10:12:16+00:00,431.25935962951036
3931626a,2025-02-20 10:00:00+00:00,PC1279,A21N,SAW,ARN,20000,343,-2304,59.17738,19.42454,MLAT,PGT,319,2025-02-20 10:22:14+00:00,99.29210060871928
393163dd,2025-02-20 06:30:00+00:00,D84355,B738,ARN,FCO,25675,489,1472,58.55717,16.9302,ADSB,NSZ,200,2025-02-20 08:53:20+00:00,134.8484614180103
393163dd,2025-02-20 07:00:00+00:00,D84355,B738,ARN,FCO,36000,458,0,54.90571,14.52867,ADSB,NSZ,198,2025-02-20 08:55:28+00:00,566.1662262002174
393163dd,2025-02-20 07:30:00+00:00,D84355,B738,ARN,FCO,36000,469,0,51.08299,13.68399,ADSB,NSZ,185,2025-02-20 08:55:28+00:00,989.7130581351802
393163dd,2025-02-20 08:00:00+00:00,D84355,B738,ARN,FCO,36000,462,0,47.27925,12.44627,ADSB,NSZ,193,2025-02-20 08:55:28+00:00,1422.0042810075072
393163dd,2025-02-20 08:30:00+00:00,D84355,B738,ARN,FCO,28025,420,-2048,43.48738,12.20084,ADSB,NSZ,182,2025-02-20 09:00:34+00:00,1839.168754621429
393165e0,2025-02-20 06:30:00+00:00,6B227,B38M,ARN,LPA,3750,236,1920,59.55572,17.72672,ADSB,BLX,210,2025-02-20 11:54:40+00:00,16.18816765223042
393165e0,2025-02-20 07:00:00+00:00,6B227,B38M,ARN,LPA,36000,446,0,56.8754,14.02791,ADSB,BLX,215,2025-02-20 12:01:04+00:00,384.28306056490635
393165e0,2025-02-20 07:30:00+00:00,6B227,B38M,ARN,LPA,36000,430,64,53.96289,10.24499,ADSB,BLX,217,2025-02-20 12:05:20+00:00,786.2118735883237
393165e0,2025-02-20 08:00:00+00:00,6B227,B38M,ARN,LPA,36000,430,0,51.03019,6.75743,ADSB,BLX,219,2025-02-20 12:05:20+00:00,1188.0639654935317
393165e0,2025-02-20 08:30:00+00:00,6B227,B38M,ARN,LPA,37000,435,0,48.61606,2.79433,ADSB,BLX,222,2025-02-20 12:07:28+00:00,1567.1010251584114
393165e0,2025-02-20 09:00:00+00:00,6B227,B38M,ARN,LPA,37000,460,0,45.32103,0.20711,ADSB,BLX,208,2025-02-20 11:58:56+00:00,1982.0261344957569
393165e0,2025-02-20 09:30:00+00:00,6B227,B38M,ARN,LPA,37000,463,0,41.93858,-2.23074,ADSB,BLX,206,2025-02-20 11:58:56+00:00,2406.0179522357216
393165e0,2025-02-20 10:00:00+00:00,6B227,B38M,ARN,LPA,37000,469,0,38.67567,-4.95943,ADSB,BLX,213,2025-02-20 11:58:56+00:00,2834.749614369115
393165e0,2025-02-20 10:30:00+00:00,6B227,B38M,ARN,LPA,37000,456,0,35.5183,-7.73312,ADSB,BLX,219,2025-02-20 11:58:56+00:00,3259.0701699955207
393165e0,2025-02-20 11:00:00+00:00,6B227,B38M,ARN,LPA,37000,447,0,32.59015,-10.52647,ADSB,BLX,217,2025-02-20 11:58:56+00:00,3665.128070876109
3931660b,2025-02-20 06:30:00+00:00,D84151,B38M,ARN,CPH,12400,339,2240,59.35359,17.33718,ADSB,NSZ,220,2025-02-20 07:25:52+00:00,47.63264215755043
3931660b,2025-02-20 07:00:00+00:00,D84151,B38M,ARN,CPH,14075,397,-2880,56.39305,13.19037,ADSB,NSZ,194,2025-02-20 07:18:01+00:00,457.65229030269944
3931664c,2025-02-20 06:30:00+00:00,BA771,A320,ARN,LHR,0,0,0,59.64274,17.92893,ADSB,BAW,95,,1.348197742916094
3931664c,2025-02-20 07:00:00+00:00,BA771,A320,ARN,LHR,34175,421,1024,58.90855,14.90552,ADSB,BAW,239,2025-02-20 08:59:44+00:00,191.20306679888085
3931664c,2025-02-20 07:30:00+00:00,BA771,A320,ARN,LHR,38000,404,0,57.1165,9.55296,ADSB,BAW,235,2025-02-20 08:59:44+00:00,563.8393987756039
3931664c,2025-02-20 08:00:00+00:00,BA771,A320,ARN,LHR,38000,410,0,55.0517,4.81825,ADSB,BAW,208,2025-02-20 08:59:44+00:00,936.3217094356062
3931664c,2025-02-20 08:30:00+00:00,BA771,A320,ARN,LHR,28800,362,-576,52.17468,2.41126,ADSB,BAW,210,2025-02-20 08:58:27+00:00,1270.457261865941
3931664c,2025-02-20 09:00:00+00:00,BA771,A320,ARN,LHR,8000,230,-64,51.65041,0.28183,ADSB,BAW,293,2025-02-20 09:07:03+00:00,1413.4387282337457
393166d2,2025-02-20 06:30:00+00:00,D85701,B38M,ARN,LPA,0,0,0,59.66529,17.92609,ADSB,NSZ,340,,1.516573979492584
393166d2,2025-02-20 07:00:00+00:00,D85701,B38M,ARN,LPA,34000,453,0,57.39444,13.92198,ADSB,NSZ,222,2025-02-20 12:05:20+00:00,342.69341526511295
393166d2,2025-02-20 07:30:00+00:00,D85701,B38M,ARN,LPA,35525,436,1024,54.70549,9.48237,ADSB,NSZ,222,2025-02-20 12:07:28+00:00,748.9142875460919
393166d2,2025-02-20 08:00:00+00:00,D85701,B38M,ARN,LPA,36000,426,0,52.01035,5.52746,ADSB,NSZ,217,2025-02-20 12:09:36+00:00,1146.67105222377
393166d2,2025-02-20 08:30:00+00:00,D85701,B38M,ARN,LPA,35000,443,0,48.85611,2.68081,ADSB,NSZ,212,2025-02-20 12:05:20+00:00,1549.3135962759457
393166d2,2025-02-20 09:00:00+00:00,D85701,B38M,ARN,LPA,35000,458,0,45.51822,0.19775,ADSB,NSZ,206,2025-02-20 12:03:12+00:00,1963.4715489700152
393166d2,2025-02-20 09:30:00+00:00,D85701,B38M,ARN,LPA,35000,473,0,42.04385,-2.16181,ADSB,NSZ,206,2025-02-20 11:58:56+00:00,2393.010064638897
393166d2,2025-02-20 10:00:00+00:00,D85701,B38M,ARN,LPA,35000,475,0,38.75893,-4.96594,ADSB,NSZ,214,2025-02-20 11:58:56+00:00,2826.7751704824445
393166d2,2025-02-20 10:30:00+00:00,D85701,B38M,ARN,LPA,35000,470,0,35.47574,-7.81286,ADSB,NSZ,218,2025-02-20 11:56:48+00:00,3266.531801948051
393166d2,2025-02-20 11:00:00+00:00,D85701,B38M,ARN,LPA,35000,462,0,32.41595,-10.70012,ADSB,NSZ,217,2025-02-20 11:56:48+00:00,3689.7047198603036
39316840,2025-02-20 06:30:00+00:00,HP661,F50,KRF,ARN,10000,256,0,62.47856,17.9064,MLAT,APF,172,2025-02-20 07:17:20+00:00,314.1324680910698
39316840,2025-02-20 07:00:00+00:00,HP661,F50,KRF,ARN,9800,265,0,60.10592,18.3419,MLAT,APF,186,2025-02-20 07:13:04+00:00,55.07832271512512
39316869,2025-02-20 06:30:00+00:00,EW7219,A319,ARN,HAM,0,0,0,59.66567,17.92353,ADSB,EWL,191,,1.6292745544379683
39316869,2025-02-20 07:00:00+00:00,EW7219,A319,ARN,HAM,36000,404,64,57.35037,13.83333,ADSB,EWL,221,2025-02-20 07:47:12+00:00,349.8814797243898
39316869,2025-02-20 07:30:00+00:00,EW7219,A319,ARN,HAM,22400,360,-1984,54.73435,10.31916,ADSB,EWL,215,2025-02-20 07:53:58+00:00,713.2272237298153
39316882,2025-02-20 06:30:00+00:00,5O4408,B738,ARN,ORB,22000,333,0,59.44362,16.42759,ADSB,FPO,258,2025-02-20 06:45:20+00:00,88.3574662690845
39316b83,2025-02-20 06:30:00+00:00,DY801,B738,ARN,OSL,0,0,0,59.64632,17.92746,ADSB,NSZ,2,,1.0617744954149406
39316b83,2025-02-20 07:00:00+00:00,DY801,B738,ARN,OSL,24875,374,-2368,59.94569,13.29166,ADSB,NSZ,278,2025-02-20 07:27:25+00:00,261.95552718239406
39316e52,2025-02-20 07:30:00+00:00,CA911,A359,PEK,ARN,34100,444,64,43.87618,111.72553,ADSB,CCA,326,2025-02-20 15:23:44+00:00,6111.709489090758
39316e52,2025-02-20 08:00:00+00:00,CA911,A359,PEK,ARN,34100,454,-64,47.00608,108.6993,ADSB,CCA,324,2025-02-20 15:19:28+00:00,5692.85263636739
39316e52,2025-02-20 08:30:00+00:00,CA911,A359,PEK,ARN,34000,463,0,50.06827,105.25213,ADSB,CCA,321,2025-02-20 15:19:28+00:00,5269.973380279217
39316e52,2025-02-20 09:00:00+00:00,CA911,A359,PEK,ARN,38000,469,0,52.52005,100.48167,ADSB,CCA,306,2025-02-20 15:15:12+00:00,4842.8400308827795
39316e52,2025-02-20 09:30:00+00:00,CA911,A359,PEK,ARN,38000,459,0,54.63858,95.05283,ADSB,CCA,297,2025-02-20 15:15:12+00:00,4418.500236646624
39316e52,2025-02-20 10:00:00+00:00,CA911,A359,PEK,ARN,38000,440,0,56.29101,89.05235,ADSB,CCA,293,2025-02-20 15:19:28+00:00,4006.944678686079
39316e52,2025-02-20 10:30:00+00:00,CA911,A359,PEK,ARN,38000,442,-64,58.21939,83.29614,ADSB,CCA,299,2025-02-20 15:19:28+00:00,3600.0633886993082
39316e52,2025-02-20 11:00:00+00:00,CA911,A359,PEK,ARN,38000,428,0,59.09276,76.64299,ADSB,CCA,283,2025-02-20 15:19:28+00:00,3216.3569669262915
39316efd,2025-02-20 07:00:00+00:00,DY804,B738,OSL,ARN,21550,407,3136,60.22179,11.90594,ADSB,NSZ,97,2025-02-20 07:36:32+00:00,341.8601259728007
39316efd,2025-02-20 07:30:00+00:00,DY804,B738,OSL,ARN,2875,167,-960,59.74784,18.20084,ADSB,NSZ,155,2025-02-20 07:32:40+00:00,18.010156403682384
39317083,2025-02-20 07:00:00+00:00,FR312,B738,ARN,DUB,28150,421,1472,59.51992,15.79493,ADSB,RYR,266,2025-02-20 09:10:24+00:00,121.64227578543502
39317083,2025-02-20 07:30:00+00:00,FR312,B738,ARN,DUB,36000,408,0,58.84831,9.32758,ADSB,RYR,255,2025-02-20 09:12:32+00:00,497.36696530124857
39317083,2025-02-20 08:00:00+00:00,FR312,B738,ARN,DUB,38000,404,0,57.8217,3.27594,ADSB,RYR,243,2025-02-20 09:12:32+00:00,868.3945322280878
39317083,2025-02-20 08:30:00+00:00,FR312,B738,ARN,DUB,37975,369,192,56.29546,-1.945,ADSB,RYR,239,2025-02-20 09:14:40+00:00,1225.1304869830287
39317083,2025-02-20 09:00:00+00:00,FR312,B738,ARN,DUB,23750,268,-1856,54.25752,-5.45827,ADSB,RYR,209,2025-02-20 09:25:53+00:00,1530.0648268379168
39317083,2025-02-20 09:30:00+00:00,FR312,B738,ARN,DUB,0,1,0,53.43105,-6.24893,ADSB,RYR,185,,1624.1817769554737
393170ed,2025-02-20 07:00:00+00:00,SK1530,A20N,LHR,ARN,5525,295,960,51.54115,-0.66536,ADSB,SZS,353,2025-02-20 09:03:47+00:00,1467.9796162502378
393170ed,2025-02-20 07:30:00+00:00,SK1530,A20N,LHR,ARN,35975,452,64,54.27251,2.90651,ADSB,SZS,41,2025-02-20 08:59:44+00:00,1086.4025656378492
393170ed,2025-02-20 08:00:00+00:00,SK1530,A20N,LHR,ARN,35975,434,0,56.68037,7.85948,ADSB,SZS,52,2025-02-20 09:04:00+00:00,676.3738442053548
393170ed,2025-02-20 08:30:00+00:00,SK1530,A20N,LHR,ARN,35975,426,0,58.73305,13.40704,ADSB,SZS,57,2025-02-20 09:01:52+00:00,277.61313872040205
393170ed,2025-02-20 09:00:00+00:00,SK1530,A20N,LHR,ARN,2300,169,-320,59.71175,18.35092,ADSB,SZS,248,2025-02-20 09:02:07+00:00,23.9656761645154
393170fe,2025-02-20 07:00:00+00:00,SK2277,AT76,ARN,SCR,8625,179,1344,59.68359,17.49564,ADSB,BRX,299,2025-02-20 07:45:04+00:00,25.164769798408365
393170fe,2025-02-20 07:30:00+00:00,SK2277,AT76,ARN,SCR,14000,265,64,60.73965,13.99933,ADSB,BRX,300,2025-02-20 07:47:12+00:00,248.9656417727407
393171a4,2025-02-20 07:00:00+00:00,SK482,A20N,OSL,ARN,0,6,0,60.20084,11.11513,ADSB,SZS,14,,384.9283615669111
393171a4,2025-02-20 07:30:00+00:00,SK482,A20N,OSL,ARN,20625,376,-2112,59.94067,16.46878,ADSB,SZS,99,2025-02-20 07:52:10+00:00,88.26128108359487
393171cd,2025-02-20 07:00:00+00:00,SK843,A320,ARN,OSL,23500,379,1920,59.67629,16.53679,ADSB,SAS,280,2025-02-20 07:34:24+00:00,78.83260871644052
393171cd,2025-02-20 07:30:00+00:00,SK843,A320,ARN,OSL,7325,224,-1344,60.42811,11.52593,ADSB,SAS,263,2025-02-20 07:36:34+00:00,366.259453076705
393171db,2025-02-20 07:00:00+00:00,LH2421,A21N,ARN,MUC,6375,256,3520,59.55684,17.72928,ADSB,DLH,211,2025-02-20 08:53:20+00:00,15.997673089459678
393171db,2025-02-20 07:30:00+00:00,LH2421,A21N,ARN,MUC,36025,462,-64,56.04689,15.60505,ADSB,DLH,196,2025-02-20 08:51:12+00:00,424.10343487140744
393171db,2025-02-20 08:00:00+00:00,LH2421,A21N,ARN,MUC,36000,460,0,52.35069,14.05897,ADSB,DLH,189,2025-02-20 08:49:04+00:00,846.7694933988407
393171db,2025-02-20 08:30:00+00:00,LH2421,A21N,ARN,MUC,11100,330,-384,48.8366,12.57674,ADSB,DLH,205,2025-02-20 08:41:50+00:00,1251.2445587148645
39317586,2025-02-20 07:00:00+00:00,AY802,A320,ARN,HEL,0,0,0,59.64379,17.92557,ADSB,FIN,50,,1.3480690529304835
39317586,2025-02-20 07:30:00+00:00,AY802,A320,ARN,HEL,27625,367,-2432,60.21194,22.53618,ADSB,FIN,76,2025-02-20 07:59:14+00:00,263.42614339050493
393178be,2025-02-20 07:00:00+00:00,SK1416,A20N,CPH,ARN,0,5,0,55.62504,12.65325,ADSB,SZS,357,,547.0475667128936
393178be,2025-02-20 07:30:00+00:00,SK1416,A20N,CPH,ARN,28150,458,1728,56.28878,13.77797,ADSB,SZS,39,2025-02-20 08:12:48+00:00,447.27159536074214
393178be,2025-02-20 08:00:00+00:00,SK1416,A20N,CPH,ARN,14025,335,-576,59.00716,17.57996,ADSB,SZS,30,2025-02-20 08:14:13+00:00,74.71633989881124
39317980,2025-02-20 07:00:00+00:00,SK535,A20N,ARN,DUB,0,0,0,59.65477,17.93511,ADSB,SZS,75,,0.2974002444068171
39317980,2025-02-20 07:30:00+00:00,SK535,A20N,ARN,DUB,0,0,0,59.65477,17.93511,ADSB,SZS,75,,0.2974002444068171
39317980,2025-02-20 08:00:00+00:00,SK535,A20N,ARN,DUB,35675,420,1088,59.44618,14.25902,ADSB,SZS,259,2025-02-20 10:01:36+00:00,208.67152982645229
39317980,2025-02-20 08:30:00+00:00,SK535,A20N,ARN,DUB,38000,402,64,58.62643,7.74412,ADSB,SZS,253,2025-02-20 10:03:44+00:00,592.0098192360421
39317980,2025-02-20 09:00:00+00:00,SK535,A20N,ARN,DUB,38000,389,64,57.44565,1.87574,ADSB,SZS,242,2025-02-20 10:08:00+00:00,961.1308038061178
39317980,2025-02-20 09:30:00+00:00,SK535,A20N,ARN,DUB,38000,384,64,55.90263,-3.12115,ADSB,SZS,238,2025-02-20 10:08:00+00:00,1309.9096188564204
39317980,2025-02-20 10:00:00+00:00,SK535,A20N,ARN,DUB,11200,208,-1664,53.81262,-5.75304,ADSB,SZS,182,2025-02-20 10:12:23+00:00,1573.2443874081566
393179ac,2025-02-20 07:00:00+00:00,SK181,AT76,ARN,AGH,0,0,0,59.65203,17.93035,ADSB,BRX,75,,0.5578440784191483
393179ac,2025-02-20 07:30:00+00:00,SK181,AT76,ARN,AGH,0,0,0,59.65228,17.92781,ADSB,BRX,115,,0.6890055461444681
393179ac,2025-02-20 08:00:00+00:00,SK181,AT76,ARN,AGH,19975,286,0,58.66136,16.1639,ADSB,BRX,221,2025-02-20 08:42:40+00:00,149.72786819920216
393179ac,2025-02-20 08:30:00+00:00,SK181,AT76,ARN,AGH,13275,277,-1728,56.83987,13.27792,ADSB,BRX,218,2025-02-20 08:44:35+00:00,414.9041412337576
393179fb,2025-02-20 07:30:00+00:00,SK9249,A20N,ARN,OSL,36000,348,0,59.84993,14.41709,ADSB,SAS,279,2025-02-20 07:55:44+00:00,198.5033098581101
393179fb,2025-02-20 08:00:00+00:00,SK9249,A20N,ARN,OSL,0,1,0,60.19394,11.10831,ADSB,SAS,196,,385.22209616516983
39317b22,2025-02-20 07:30:00+00:00,SK1129,AT76,ARN,RNB,19975,292,0,58.49918,16.94074,ADSB,BRX,203,2025-02-20 08:04:16+00:00,140.47887748869823
39317b22,2025-02-20 08:00:00+00:00,SK1129,AT76,ARN,RNB,1900,127,-704,56.37983,15.29683,ADSB,BRX,189,2025-02-20 08:02:51+00:00,395.83035578927576
39317b4f,2025-02-20 07:30:00+00:00,BA776,A20N,LHR,ARN,27225,469,1792,52.11076,0.8862,ADSB,BAW,48,2025-02-20 09:18:56+00:00,1347.8531288272932
39317b4f,2025-02-20 08:00:00+00:00,BA776,A20N,LHR,ARN,37050,473,128,55.16597,4.87769,ADSB,BAW,49,2025-02-20 09:16:48+00:00,925.4950277301156
39317b4f,2025-02-20 08:30:00+00:00,BA776,A20N,LHR,ARN,35050,466,64,57.53751,10.28277,ADSB,BAW,54,2025-02-20 09:21:04+00:00,501.7752953615381
39317b4f,2025-02-20 09:00:00+00:00,BA776,A20N,LHR,ARN,22025,366,-2304,59.58421,16.18769,ADSB,BAW,58,2025-02-20 09:24:32+00:00,98.83218574403156
39317c8c,2025-02-20 07:30:00+00:00,BT102,BCS3,ARN,RIX,24650,425,1472,59.01572,19.22645,ADSB,BTI,129,2025-02-20 08:08:32+00:00,101.75280643237177
39317c8c,2025-02-20 08:00:00+00:00,BT102,BCS3,ARN,RIX,1650,182,-1088,57.03557,23.98942,ADSB,BTI,185,2025-02-20 08:03:02+00:00,457.27153894327245
39317cb0,2025-02-20 07:30:00+00:00,W61732,A321,ARN,GDN,30025,469,1344,58.27817,17.03164,ADSB,WZZ,178,2025-02-20 08:17:04+00:00,161.54961870535558
39317cb0,2025-02-20 08:00:00+00:00,W61732,A321,ARN,GDN,14625,340,-2496,54.67908,18.15973,MLAT,WZZ,138,2025-02-20 08:17:08+00:00,553.2933334607442
39317cf4,2025-02-20 07:30:00+00:00,QR170,B788,ARN,DOH,9850,291,2176,59.41095,18.22769,ADSB,QTR,139,2025-02-20 13:15:44+00:00,31.481814263860596
39317cf4,2025-02-20 08:00:00+00:00,QR170,B788,ARN,DOH,37000,530,64,55.94325,22.27062,ADSB,QTR,157,2025-02-20 13:11:28+00:00,485.641412444441
39317cf4,2025-02-20 08:30:00+00:00,QR170,B788,ARN,DOH,38000,534,-64,51.64782,22.10266,MLAT,QTR,190,2025-02-20 13:11:28+00:00,927.2634658488694
39317cf4,2025-02-20 09:00:00+00:00,QR170,B788,ARN,DOH,38975,524,-64,47.58535,22.83489,MLAT,QTR,136,2025-02-20 13:09:20+00:00,1379.284304520362
39317cf4,2025-02-20 09:30:00+00:00,QR170,B788,ARN,DOH,39000,524,0,44.34403,26.98656,MLAT,QTR,139,2025-02-20 13:07:12+00:00,1807.6210775424368
39317cf4,2025-02-20 10:00:00+00:00,QR170,B788,ARN,DOH,40975,528,-64,41.78712,31.61218,MLAT,QTR,115,2025-02-20 13:05:04+00:00,2197.5402256671596
39317cf4,2025-02-20 10:30:00+00:00,QR170,B788,ARN,DOH,41000,521,-64,39.92162,36.80515,ADSB,QTR,115,2025-02-20 13:05:04+00:00,2558.082499221286
39317cf4,2025-02-20 11:00:00+00:00,QR170,B788,ARN,DOH,41000,540,-64,37.93034,41.84175,MLAT,QTR,110,2025-02-20 13:02:56+00:00,2948.4796056414493
39317d41,2025-02-20 07:30:00+00:00,SK1040,A20N,ARN,KRN,21250,341,2560,59.94337,17.72607,ADSB,SZS,8,2025-02-20 08:49:04+00:00,34.37336724966693
39317d41,2025-02-20 08:00:00+00:00,SK1040,A20N,ARN,KRN,35000,392,0,63.13211,18.81297,ADSB,SZS,9,2025-02-20 08:49:04+00:00,389.5727718965373
39317d41,2025-02-20 08:30:00+00:00,SK1040,A20N,ARN,KRN,35000,390,0,66.33417,20.17982,ADSB,SZS,11,2025-02-20 08:51:12+00:00,751.2904358649797
39317d41,2025-02-20 09:00:00+00:00,SK1040,A20N,ARN,KRN,0,0,0,67.8251,20.33532,ADSB,SZS,22,,916.0745752840546
39317d59,2025-02-20 07:30:00+00:00,LO456,E190,ARN,WAW,23100,453,1408,58.49321,18.08569,ADSB,LOT,190,2025-02-20 08:40:32+00:00,129.29230838937073
39317d59,2025-02-20 08:00:00+00:00,LO456,E190,ARN,WAW,33000,496,0,54.6114,18.31455,MLAT,LOT,155,2025-02-20 08:34:08+00:00,561.1143884245633
39317d59,2025-02-20 08:30:00+00:00,LO456,E190,ARN,WAW,2375,174,-1152,52.04704,21.07034,MLAT,LOT,331,2025-02-20 08:34:26+00:00,867.8369884803357
39317d6f,2025-02-20 07:30:00+00:00,SK66,CRJ9,ARN,OSD,600,139,2304,59.6402,17.91486,ADSB,BCY,189,,2.0416474485039964
39317d6f,2025-02-20 08:00:00+00:00,SK66,CRJ9,ARN,OSD,28275,402,-2496,62.17396,15.33311,ADSB,BCY,329,2025-02-20 08:17:04+00:00,313.6263250254403
39317da5,2025-02-20 07:30:00+00:00,SK702,A20N,ARN,HEL,30650,408,2304,59.85808,19.11403,ADSB,SAS,74,2025-02-20 08:02:08+00:00,69.58508794065914
39317da5,2025-02-20 08:00:00+00:00,SK702,A20N,ARN,HEL,2025,181,-192,60.44444,24.84094,ADSB,SAS,135,2025-02-20 08:01:43+00:00,392.8813979595744
39317f81,2025-02-20 07:30:00+00:00,LO453,E295,WAW,ARN,0,0,0,52.15833,20.98059,ADSB,LOT,115,,854.4796210812304
39317f81,2025-02-20 08:00:00+00:00,LO453,E295,WAW,ARN,34000,370,64,53.71449,19.33872,MLAT,LOT,327,2025-02-20 09:04:00+00:00,665.8573051204476
39317f81,2025-02-20 08:30:00+00:00,LO453,E295,WAW,ARN,34000,388,0,56.53854,17.49234,MLAT,LOT,5,2025-02-20 09:06:08+00:00,347.3673784311244
39317f81,2025-02-20 09:00:00+00:00,LO453,E295,WAW,ARN,4675,265,-576,59.47279,18.21223,MLAT,LOT,23,2025-02-20 09:04:53+00:00,25.287168490490597
39317ff9,2025-02-20 07:30:00+00:00,SK2151,A20N,ARN,GOT,8550,269,3776,59.56829,17.69045,ADSB,SZS,272,2025-02-20 08:10:40+00:00,16.92989413004605
39317ff9,2025-02-20 08:00:00+00:00,SK2151,A20N,ARN,GOT,8650,309,-2048,58.0377,12.69585,ADSB,SZS,227,2025-02-20 08:11:28+00:00,350.97395807877473
3931808d,2025-02-20 07:30:00+00:00,SK1553,A20N,ARN,AMS,0,4,0,59.66467,17.92653,ADSB,SZS,351,,1.4447113922521038
3931808d,2025-02-20 08:00:00+00:00,SK1553,A20N,ARN,AMS,36000,428,0,57.51073,13.96415,ADSB,SZS,220,2025-02-20 09:16:48+00:00,331.36820652348524
3931808d,2025-02-20 08:30:00+00:00,SK1553,A20N,ARN,AMS,36000,422,-64,54.9321,9.85021,ADSB,SZS,228,2025-02-20 09:16:48+00:00,714.4857332806449
3931808d,2025-02-20 09:00:00+00:00,SK1553,A20N,ARN,AMS,16150,265,-1024,52.64703,6.11885,ADSB,SZS,214,2025-02-20 09:17:25+00:00,1066.1165101327567
3931808d,2025-02-20 09:30:00+00:00,SK1553,A20N,ARN,AMS,0,21,0,52.3056,4.74058,ADSB,SZS,185,,1154.4774343157703
393180a8,2025-02-20 07:30:00+00:00,SK2129,AT76,ARN,HAD,10950,193,1344,59.4574,17.49999,ADSB,BRX,225,2025-02-20 08:21:20+00:00,33.01187732009411
393180a8,2025-02-20 08:00:00+00:00,SK2129,AT76,ARN,HAD,20000,280,0,57.88538,14.61713,ADSB,BRX,225,2025-02-20 08:27:44+00:00,274.44045326740587
393180bf,2025-02-20 07:30:00+00:00,SK24,A20N,ARN,UME,4625,207,4480,59.59579,17.84262,ADSB,SZS,238,,8.432651817379167
393180bf,2025-02-20 08:00:00+00:00,SK24,A20N,ARN,UME,35000,369,0,62.27925,19.39667,ADSB,SZS,20,2025-02-20 08:21:20+00:00,302.34548497018017
393180ff,2025-02-20 07:30:00+00:00,SK1012,CRJ9,ARN,SFT,0,17,0,59.65503,17.93056,ADSB,BCY,255,,0.5455676811488064
393180ff,2025-02-20 08:00:00+00:00,SK1012,CRJ9,ARN,SFT,33000,402,0,61.45268,18.84013,ADSB,BCY,20,2025-02-20 08:36:16+00:00,206.01449349902958
393180ff,2025-02-20 08:30:00+00:00,SK1012,CRJ9,ARN,SFT,7050,273,-1408,64.338,21.34072,ADSB,BCY,22,2025-02-20 08:38:27+00:00,550.1280535573587
39318131,2025-02-20 07:30:00+00:00,SK1004,A20N,ARN,LLA,0,6,0,59.66616,17.92381,ADSB,SAS,261,,1.666098866905348
39318131,2025-02-20 08:00:00+00:00,SK1004,A20N,ARN,LLA,33000,381,0,62.05939,19.26259,ADSB,SAS,21,2025-02-20 08:38:24+00:00,276.9268779477664
39318131,2025-02-20 08:30:00+00:00,SK1004,A20N,ARN,LLA,11850,282,-1024,64.87231,21.76151,ADSB,SAS,26,2025-02-20 08:43:05+00:00,612.807514012128
3931818a,2025-02-20 07:30:00+00:00,,C560,GOT,ARN,22750,336,2176,57.927,13.01688,ADSB,GFM,46,2025-02-20 08:08:04+00:00,342.3783789741293
3931818a,2025-02-20 08:00:00+00:00,,C560,GOT,ARN,7300,266,-2496,59.60646,18.06299,ADSB,GFM,73,2025-02-20 08:09:13+00:00,8.6811234278038
393182a5,2025-02-20 07:30:00+00:00,D84005,B38M,ARN,UME,0,5,0,59.66173,17.92569,ADSB,NSZ,11,,1.2074577766101202
393182a5,2025-02-20 08:00:00+00:00,D84005,B38M,ARN,UME,35000,407,0,61.68795,18.87309,ADSB,NSZ,17,2025-02-20 08:25:36+00:00,231.8500783465011
3931839c,2025-02-20 07:30:00+00:00,D84533,B738,ARN,AMS,0,0,0,59.64705,17.9274,ADSB,NSZ,22,,1.0040968089657658
3931839c,2025-02-20 08:00:00+00:00,D84533,B738,ARN,AMS,0,9,0,59.65098,17.92346,ADSB,NSZ,11,,0.9621406830321448
3931839c,2025-02-20 08:30:00+00:00,D84533,B738,ARN,AMS,38000,449,0,58.21315,15.32025,ADSB,NSZ,221,2025-02-20 09:55:12+00:00,219.61889538309646
3931839c,2025-02-20 09:00:00+00:00,D84533,B738,ARN,AMS,38000,426,64,55.5385,10.99748,ADSB,NSZ,228,2025-02-20 09:55:12+00:00,616.2234405626064
3931839c,2025-02-20 09:30:00+00:00,D84533,B738,ARN,AMS,22950,357,-1536,53.13039,6.59931,ADSB,NSZ,225,2025-02-20 09:53:53+00:00,1004.0375111370112
3931839c,2025-02-20 10:00:00+00:00,D84533,B738,ARN,AMS,0,24,0,52.30452,4.7333,ADSB,NSZ,182,,1154.8865667490463
393183c6,2025-02-20 07:30:00+00:00,FR4616,B738,ARN,GDN,0,0,0,59.64676,17.92796,ADSB,RYS,22,,1.006441913240888
393183c6,2025-02-20 08:00:00+00:00,FR4616,B738,ARN,GDN,35050,474,1280,58.06526,17.41095,ADSB,RYS,183,2025-02-20 08:44:48+00:00,179.2069577328716
393183c6,2025-02-20 08:30:00+00:00,FR4616,B738,ARN,GDN,9725,292,-1024,54.65915,18.39879,MLAT,RYS,140,2025-02-20 08:39:56+00:00,556.0371477872991
393184a1,2025-02-20 08:00:00+00:00,SK1418,A20N,CPH,ARN,0,0,0,55.62741,12.65182,ADSB,SZS,357,,546.8750065386927
393184a1,2025-02-20 08:30:00+00:00,SK1418,A20N,CPH,ARN,24850,391,2560,55.91643,13.26699,ADSB,SZS,38,2025-02-20 09:16:48+00:00,499.142515832854
393184a1,2025-02-20 09:00:00+00:00,SK1418,A20N,CPH,ARN,20650,381,-3072,58.75968,17.24982,ADSB,SZS,36,2025-02-20 09:24:11+00:00,106.87142742931819
393184c0,2025-02-20 07:30:00+00:00,D82603,B38M,ARN,HEL,0,0,0,59.64682,17.92576,ADSB,NSZ,292,,1.0875905232542775
393184c0,2025-02-20 08:00:00+00:00,D82603,B38M,ARN,HEL,31000,435,0,60.12794,21.5852,ADSB,NSZ,77,2025-02-20 08:21:20+00:00,210.043438604796
393184da,2025-02-20 07:30:00+00:00,SK77,AT76,ARN,VBY,0,15,0,59.65439,17.92708,ADSB,BRX,253,,0.7216265249744349
393184da,2025-02-20 08:00:00+00:00,SK77,AT76,ARN,VBY,6900,241,-832,58.05977,18.38615,ADSB,BRX,177,2025-02-20 08:07:32+00:00,179.06774789500022
393185b0,2025-02-20 07:30:00+00:00,FR4627,B738,KRK,ARN,0,0,0,50.07416,19.80126,ADSB,RYR,258,,1071.7098833033274
393185b0,2025-02-20 08:00:00+00:00,FR4627,B738,KRK,ARN,38000,365,0,52.11025,18.90347,ADSB,RYR,344,2025-02-20 09:14:40+00:00,840.9032508387629
393185b0,2025-02-20 08:30:00+00:00,FR4627,B738,KRK,ARN,38000,372,0,55.06696,17.46844,MLAT,RYR,347,2025-02-20 09:16:48+00:00,510.78442397550145
393185b0,2025-02-20 09:00:00+00:00,FR4627,B738,KRK,ARN,28300,324,-1792,58.1512,17.77662,MLAT,RYR,5,2025-02-20 09:29:59+00:00,167.31572703578598
393185b0,2025-02-20 09:30:00+00:00,FR4627,B738,KRK,ARN,0,0,0,59.65437,17.93525,ADSB,RYR,75,,0.2724193430198661
3931874e,2025-02-20 08:00:00+00:00,SK105,A20N,ARN,MMX,34975,414,0,58.1565,15.98108,ADSB,SZS,212,2025-02-20 08:32:00+00:00,200.887037952692
3931874e,2025-02-20 08:30:00+00:00,SK105,A20N,ARN,MMX,2000,134,-704,55.65244,13.3523,ADSB,SZS,173,2025-02-20 08:31:01+00:00,521.6748910424421
393188ad,2025-02-20 08:00:00+00:00,HP772,F50,ARN,VHM,19000,253,0,61.06322,17.63394,MLAT,APF,353,2025-02-20 09:25:20+00:00,157.64824316430332
393188ad,2025-02-20 08:30:00+00:00,HP772,F50,ARN,VHM,19000,266,0,63.15809,17.23203,MLAT,APF,352,2025-02-20 09:21:04+00:00,391.49754826304076
393188ad,2025-02-20 09:30:00+00:00,HP772,F50,ARN,VHM,10500,235,0,65.37093,18.25063,MLAT,APF,86,2025-02-20 09:46:40+00:00,635.9422970087137
393189cf,2025-02-20 08:00:00+00:00,KL1217,A21N,AMS,ARN,27700,474,1856,52.87404,5.73608,ADSB,KLM,36,2025-02-20 09:25:20+00:00,1062.8478057471254
393189cf,2025-02-20 08:30:00+00:00,KL1217,A21N,AMS,ARN,39050,450,64,55.80748,9.75989,ADSB,KLM,41,2025-02-20 09:25:20+00:00,646.2823044005538
393189cf,2025-02-20 09:00:00+00:00,KL1217,A21N,AMS,ARN,35000,444,0,58.60561,14.27904,ADSB,KLM,46,2025-02-20 09:27:28+00:00,239.12111671048194
393189cf,2025-02-20 09:30:00+00:00,KL1217,A21N,AMS,ARN,0,9,0,59.65534,17.93288,ADSB,KLM,208,,0.4377916856668331
393189da,2025-02-20 08:00:00+00:00,D84031,B38M,ARN,LLA,32300,409,1536,60.53824,18.13057,ADSB,NSZ,16,2025-02-20 08:53:20+00:00,98.94021290591826
393189da,2025-02-20 08:30:00+00:00,D84031,B38M,ARN,LLA,37000,397,0,63.64212,20.65463,ADSB,NSZ,22,2025-02-20 08:55:28+00:00,465.99873356932983
39318a36,2025-02-20 08:00:00+00:00,FR7604,B38M,BUD,ARN,22350,352,1856,48.02641,19.37608,ADSB,RYR,36,2025-02-20 09:50:56+00:00,1296.2298803173298
39318a36,2025-02-20 08:30:00+00:00,FR7604,B38M,BUD,ARN,38000,359,0,51.03978,18.95348,ADSB,RYR,347,2025-02-20 09:55:12+00:00,959.919420016971
39318a36,2025-02-20 09:00:00+00:00,FR7604,B38M,BUD,ARN,38000,376,0,54.05371,17.82484,MLAT,RYR,346,2025-02-20 09:55:12+00:00,622.7122287789393
39318a36,2025-02-20 09:30:00+00:00,FR7604,B38M,BUD,ARN,38000,392,0,57.18377,17.53662,MLAT,RYR,6,2025-02-20 10:01:36+00:00,275.6269475943765
39318a36,2025-02-20 10:00:00+00:00,FR7604,B38M,BUD,ARN,2450,169,-1088,59.69609,18.23557,ADSB,RYR,256,2025-02-20 10:02:41+00:00,17.265305209920026
39318a4d,2025-02-20 08:00:00+00:00,FI306,B39M,KEF,ARN,23150,386,1856,64.093,-20.63254,ADSB,ICE,77,2025-02-20 10:35:44+00:00,2046.7338824680837
39318a4d,2025-02-20 08:30:00+00:00,FI306,B39M,KEF,ARN,37000,436,0,64.09607,-12.49061,ADSB,ICE,94,2025-02-20 10:35:44+00:00,1651.4748314848955
39318a4d,2025-02-20 09:00:00+00:00,FI306,B39M,KEF,ARN,37000,447,0,63.52988,-4.35399,ADSB,ICE,103,2025-02-20 10:37:52+00:00,1247.8759555532185
39318a4d,2025-02-20 09:30:00+00:00,FI306,B39M,KEF,ARN,37000,458,0,62.62812,3.49629,ADSB,ICE,104,2025-02-20 10:35:44+00:00,840.4686400680444
39318a4d,2025-02-20 10:00:00+00:00,FI306,B39M,KEF,ARN,37000,458,0,61.34165,11.15855,ADSB,ICE,115,2025-02-20 10:35:44+00:00,415.81184386113694
39318a4d,2025-02-20 10:30:00+00:00,FI306,B39M,KEF,ARN,10275,328,-832,59.87921,17.70579,ADSB,ICE,109,2025-02-20 10:41:29+00:00,28.307877265039735
39318cd6,2025-02-20 08:00:00+00:00,W2232,B190,ARN,MXX,13975,160,1280,59.79964,17.40269,MLAT,JON,308,2025-02-20 08:36:16+00:00,34.21201911636206
39318cd6,2025-02-20 08:30:00+00:00,W2232,B190,ARN,MXX,1050,230,-1024,60.91616,14.53036,MLAT,JON,5,2025-02-20 08:30:56+00:00,234.52835991447316
39318cd6,2025-02-20 09:00:00+00:00,W2232,B190,ARN,MXX,5975,249,0,61.86914,14.48109,MLAT,JON,6,2025-02-20 09:04:18+00:00,309.7241889483104
39318ced,2025-02-20 08:30:00+00:00,RJ143,A321,AMM,ARN,30875,417,1472,32.76547,34.20487,ADSB,RJA,354,2025-02-20 12:56:32+00:00,3221.1264947031445
39318ced,2025-02-20 09:00:00+00:00,RJ143,A321,AMM,ARN,32025,383,64,36.17117,33.8229,MLAT,RJA,328,2025-02-20 13:00:48+00:00,2849.8413450768985
39318ced,2025-02-20 09:30:00+00:00,RJ143,A321,AMM,ARN,33975,387,0,38.66354,31.36438,ADSB,RJA,322,2025-02-20 13:07:12+00:00,2518.7406101480165
39318ced,2025-02-20 10:00:00+00:00,RJ143,A321,AMM,ARN,34000,412,0,41.58147,29.37064,ADSB,RJA,344,2025-02-20 13:02:56+00:00,2158.173204737632
39318ced,2025-02-20 10:30:00+00:00,RJ143,A321,AMM,ARN,34000,402,0,44.29869,26.85333,ADSB,RJA,321,2025-02-20 13:05:04+00:00,1809.4743111689208
39318ced,2025-02-20 11:00:00+00:00,RJ143,A321,AMM,ARN,34000,401,0,46.84799,23.82747,ADSB,RJA,320,2025-02-20 13:07:12+00:00,1475.3924726394102
39318d88,2025-02-20 08:00:00+00:00,SK689,A20N,ARN,LIN,0,0,0,59.65371,17.93131,ADSB,SAS,219,,0.47820722402753707
39318d88,2025-02-20 08:30:00+00:00,SK689,A20N,ARN,LIN,0,15,0,59.66621,17.9249,ADSB,SAS,298,,1.6386513596304428
39318d88,2025-02-20 09:00:00+00:00,SK689,A20N,ARN,LIN,36000,455,0,56.71994,15.49922,ADSB,SAS,192,2025-02-20 10:52:48+00:00,356.13513039549565
39318d88,2025-02-20 09:30:00+00:00,SK689,A20N,ARN,LIN,38025,451,0,53.04967,14.01997,ADSB,SAS,194,2025-02-20 10:50:40+00:00,772.6784066712671
39318d88,2025-02-20 10:00:00+00:00,SK689,A20N,ARN,LIN,38000,452,0,49.36697,12.8821,ADSB,SAS,202,2025-02-20 10:50:40+00:00,1188.6502348613349
39318d88,2025-02-20 10:30:00+00:00,SK689,A20N,ARN,LIN,26100,392,-1984,46.17907,10.34054,ADSB,SAS,228,2025-02-20 10:57:28+00:00,1580.1089537907749
39318dc9,2025-02-20 08:00:00+00:00,D84152,B38M,CPH,ARN,0,1,0,55.61843,12.64069,ADSB,NSZ,180,,548.0929548563815
39318dc9,2025-02-20 08:30:00+00:00,D84152,B38M,CPH,ARN,41000,428,0,57.4868,15.61893,ADSB,NSZ,40,2025-02-20 08:59:44+00:00,275.92770074719664
39318dc9,2025-02-20 09:00:00+00:00,D84152,B38M,CPH,ARN,325,118,-640,59.67101,18.03506,ADSB,NSZ,255,2025-02-20 09:00:43+00:00,5.690903428142346
39318eda,2025-02-20 08:00:00+00:00,AY804,A320,ARN,HEL,0,8,0,59.64348,17.92391,ADSB,FIN,230,,1.432229005277275
39318eda,2025-02-20 08:30:00+00:00,AY804,A320,ARN,HEL,27100,380,-2176,60.21383,22.36954,ADSB,FIN,77,2025-02-20 08:58:22+00:00,254.46360396046222
39319025,2025-02-20 08:00:00+00:00,SK573,A20N,ARN,CDG,0,16,0,59.65594,17.92495,ADSB,SZS,345,,0.8765573742154773
39319025,2025-02-20 08:30:00+00:00,SK573,A20N,ARN,CDG,35975,433,0,57.45477,14.33486,ADSB,SZS,217,2025-02-20 10:16:32+00:00,321.63593463286844
39319025,2025-02-20 09:00:00+00:00,SK573,A20N,ARN,CDG,36000,427,0,54.93571,9.97922,ADSB,SZS,225,2025-02-20 10:16:32+00:00,708.9604327241184
39319025,2025-02-20 09:30:00+00:00,SK573,A20N,ARN,CDG,36025,419,64,52.39769,5.92377,ADSB,SZS,221,2025-02-20 10:16:32+00:00,1096.0712047001618
39319025,2025-02-20 10:00:00+00:00,SK573,A20N,ARN,CDG,13575,310,-1856,49.48745,3.66839,ADSB,SZS,211,2025-02-20 10:15:44+00:00,1451.1475837494297
3931910e,2025-02-20 08:00:00+00:00,SK2615,A20N,ARN,GVA,0,4,0,59.65406,17.92931,ADSB,SAS,70,,0.5929808435151599
3931910e,2025-02-20 08:30:00+00:00,SK2615,A20N,ARN,GVA,36025,439,0,57.3632,14.98509,ADSB,SAS,212,2025-02-20 10:25:04+00:00,307.04196753430466
3931910e,2025-02-20 09:00:00+00:00,SK2615,A20N,ARN,GVA,36025,430,0,54.30207,11.66415,ADSB,SAS,208,2025-02-20 10:25:04+00:00,705.519639423922
3931910e,2025-02-20 09:30:00+00:00,SK2615,A20N,ARN,GVA,37000,451,0,50.95315,9.24492,ADSB,SAS,197,2025-02-20 10:20:48+00:00,1110.9465758239032
3931910e,2025-02-20 10:00:00+00:00,SK2615,A20N,ARN,GVA,29950,405,-960,47.46671,7.55465,ADSB,SAS,202,2025-02-20 10:22:56+00:00,1514.7328728222521
39319185,2025-02-20 08:30:00+00:00,,C68A,BMA,ARN,2325,210,-512,59.65199,18.29451,ADSB,NJE,20,2025-02-20 08:33:51+00:00,19.927448206316598
3931920f,2025-02-20 08:00:00+00:00,D82046,B738,ARN,CDG,0,1,0,59.64684,17.92641,ADSB,NSZ,345,,1.0598037638409203
3931920f,2025-02-20 08:30:00+00:00,D82046,B738,ARN,CDG,32600,460,1472,58.43033,16.24275,ADSB,NSZ,219,2025-02-20 10:29:20+00:00,167.09060151387845
3931920f,2025-02-20 09:00:00+00:00,D82046,B738,ARN,CDG,38000,430,0,55.49245,12.29662,ADSB,NSZ,216,2025-02-20 10:27:12+00:00,571.6792382106192
3931920f,2025-02-20 09:30:00+00:00,D82046,B738,ARN,CDG,38000,425,0,52.55479,8.7542,ADSB,NSZ,213,2025-02-20 10:29:20+00:00,971.5324690450508
3931920f,2025-02-20 10:00:00+00:00,D82046,B738,ARN,CDG,30775,432,-1088,49.67952,5.33676,ADSB,NSZ,222,2025-02-20 10:29:44+00:00,1368.7781095647204
3931920f,2025-02-20 10:30:00+00:00,D82046,B738,ARN,CDG,0,0,0,49.01918,2.5449,ADSB,NSZ,87,,1539.7681998301898
3931924a,2025-02-20 08:00:00+00:00,D83195,B38M,ARN,CPH,0,0,0,59.64694,17.92483,ADSB,NSZ,300,,1.1172876507415979
3931924a,2025-02-20 08:30:00+00:00,D83195,B38M,ARN,CPH,36000,450,0,58.06114,15.278,ADSB,NSZ,219,2025-02-20 08:59:44+00:00,234.02355187548582
3931924a,2025-02-20 09:00:00+00:00,D83195,B38M,ARN,CPH,0,20,0,55.61187,12.64204,ADSB,NSZ,275,2025-02-20 08:59:08+00:00,548.6596219906615
393192bb,2025-02-20 08:00:00+00:00,SK482,A20N,ARN,,0,0,0,59.65279,17.93168,ADSB,SZS,250,,0.46472122610702926
393192c0,2025-02-20 08:00:00+00:00,AY805,AT75,HEL,ARN,0,3,0,60.31368,24.97647,ADSB,FCM,255,,398.0347339479673
393192c0,2025-02-20 08:30:00+00:00,AY805,AT75,HEL,ARN,20000,278,0,60.04706,22.10023,ADSB,FCM,256,2025-02-20 09:08:16+00:00,236.39671500714488
393192c0,2025-02-20 09:00:00+00:00,AY805,AT75,HEL,ARN,1850,157,-960,59.68858,18.1756,ADSB,FCM,256,2025-02-20 09:03:15+00:00,13.800393973401247
393193ef,2025-02-20 08:30:00+00:00,SK403,A20N,ARN,CPH,31175,441,1408,58.73625,16.31904,ADSB,SAS,219,2025-02-20 09:12:32+00:00,137.54989501980572
393193ef,2025-02-20 09:00:00+00:00,SK403,A20N,ARN,CPH,6800,264,-1152,55.95355,13.00465,ADSB,SAS,196,2025-02-20 09:07:40+00:00,504.44979708160406
39319406,2025-02-20 08:30:00+00:00,JON52,BE20,ARN,HFS,24000,224,-64,59.78764,16.42145,ADSB,JON,289,2025-02-20 08:59:44+00:00,86.4232668822926
39319406,2025-02-20 09:00:00+00:00,JON52,BE20,ARN,HFS,0,11,0,60.01607,13.57936,ADSB,JON,185,2025-02-20 08:59:10+00:00,246.9048636401038
39319475,2025-02-20 09:00:00+00:00,LX1248,A320,ZRH,ARN,0,13,0,47.45893,8.5528,ADSB,SWR,75,,1487.655764672757
39319475,2025-02-20 09:30:00+00:00,LX1248,A320,ZRH,ARN,29575,416,1984,48.30716,9.46198,ADSB,SWR,1,2025-02-20 11:24:48+00:00,1375.5066742847773
39319475,2025-02-20 10:00:00+00:00,LX1248,A320,ZRH,ARN,36000,419,64,51.66847,10.19363,ADSB,SWR,18,2025-02-20 11:24:48+00:00,1010.6184584587219
39319475,2025-02-20 10:30:00+00:00,LX1248,A320,ZRH,ARN,36025,450,0,54.9928,12.44872,ADSB,SWR,35,2025-02-20 11:24:48+00:00,613.7586166987047
39319475,2025-02-20 11:00:00+00:00,LX1248,A320,ZRH,ARN,36000,437,0,58.05826,16.18268,ADSB,SWR,37,2025-02-20 11:24:48+00:00,204.13495282984795
393194c6,2025-02-20 08:30:00+00:00,,PC24,ARN,LPI,21050,339,1472,59.21484,17.13977,ADSB,SWE,220,2025-02-20 08:51:27+00:00,66.52910526923102
39319577,2025-02-20 08:30:00+00:00,DY806,B738,OSL,ARN,35000,459,-64,59.97121,14.36926,ADSB,NSZ,95,2025-02-20 08:55:28+00:00,202.71327647715876
39319577,2025-02-20 09:00:00+00:00,DY806,B738,OSL,ARN,0,0,0,59.64709,17.92742,ADSB,NSZ,19,,1.0001193171100025
3931957a,2025-02-20 08:30:00+00:00,DY805,B738,ARN,OSL,31825,418,2496,59.66219,15.93567,ADSB,NSZ,282,2025-02-20 09:04:00+00:00,112.57570446136562
3931957a,2025-02-20 09:00:00+00:00,DY805,B738,ARN,OSL,2875,144,-960,60.32918,11.15718,ADSB,NSZ,196,2025-02-20 09:03:35+00:00,384.42127848966607
393196ae,2025-02-20 08:30:00+00:00,HP752,F50,ARN,LYC,19900,213,0,60.73168,17.97869,MLAT,APF,8,2025-02-20 10:16:32+00:00,119.90239079721083
393196ae,2025-02-20 09:00:00+00:00,HP752,F50,ARN,LYC,21000,245,-64,62.65078,18.37174,MLAT,APF,6,2025-02-20 10:12:16+00:00,334.0799510918479
393196ae,2025-02-20 10:00:00+00:00,HP752,F50,ARN,LYC,9700,190,-64,64.69587,18.22798,MLAT,APF,306,2025-02-20 09:59:28+00:00,560.8788977128403
393196ae,2025-02-20 10:30:00+00:00,HP752,F50,ARN,LYC,16000,264,0,64.81854,17.89143,ESTIMATED,APF,127,2025-02-20 10:42:08+00:00,574.326664942212
3931997d,2025-02-20 08:30:00+00:00,HP662,F50,ARN,KRF,12700,224,0,60.07353,17.8058,MLAT,APF,1,2025-02-20 09:12:32+00:00,47.29568286355363
3931997d,2025-02-20 09:00:00+00:00,HP662,F50,ARN,KRF,16800,268,0,62.11209,17.82409,MLAT,APF,8,2025-02-20 09:18:56+00:00,273.4493138757905
39319cb9,2025-02-20 08:30:00+00:00,LH2414,A21N,MUC,ARN,0,0,0,48.36279,11.80289,ADSB,DLH,84,,1316.6042631396729
39319cb9,2025-02-20 09:00:00+00:00,LH2414,A21N,MUC,ARN,25350,448,1792,49.19046,12.3011,ADSB,DLH,28,2025-02-20 10:40:00+00:00,1218.2187626814004
39319cb9,2025-02-20 09:30:00+00:00,LH2414,A21N,MUC,ARN,37000,412,0,52.45638,14.04419,ADSB,DLH,19,2025-02-20 10:42:08+00:00,835.6831193643972
39319cb9,2025-02-20 10:00:00+00:00,LH2414,A21N,MUC,ARN,37000,407,0,55.69198,15.86735,ADSB,DLH,18,2025-02-20 10:46:24+00:00,457.36117287456756
39319cb9,2025-02-20 10:30:00+00:00,LH2414,A21N,MUC,ARN,13025,343,-1600,58.86978,17.84555,ADSB,DLH,15,2025-02-20 10:45:19+00:00,87.31518486292963
39319d9a,2025-02-20 08:30:00+00:00,SK864,A320,OSL,ARN,0,8,0,60.19457,11.10961,ADSB,SAS,106,,385.15797225584845
39319d9a,2025-02-20 09:00:00+00:00,SK864,A320,OSL,ARN,19425,399,-1728,59.8678,16.53671,ADSB,SAS,100,2025-02-20 09:21:34+00:00,82.10344782155819
39319deb,2025-02-20 08:30:00+00:00,SK898,E195,BGO,ARN,0,15,0,60.29786,5.21985,ADSB,SVS,351,,710.2125977717823
39319deb,2025-02-20 09:00:00+00:00,SK898,E195,BGO,ARN,35000,461,64,60.25824,11.3221,ADSB,SVS,96,2025-02-20 09:38:08+00:00,374.33648020321885
39319deb,2025-02-20 09:30:00+00:00,SK898,E195,BGO,ARN,4575,270,-1408,59.83534,18.12497,ADSB,SVS,95,2025-02-20 09:35:41+00:00,22.720965126912247
39319f01,2025-02-20 08:30:00+00:00,,A20N,ARN,,0,0,0,59.65248,17.93021,ADSB,SZS,70,,0.552501972847117
39319f8c,2025-02-20 08:30:00+00:00,SN2291,A319,BRU,ARN,0,0,0,50.90368,4.48273,ADSB,BEL,64,,1288.6238368436605
39319f8c,2025-02-20 09:00:00+00:00,SN2291,A319,BRU,ARN,38025,452,0,52.86956,5.35678,ADSB,BEL,43,2025-02-20 10:33:36+00:00,1079.721412631344
39319f8c,2025-02-20 09:30:00+00:00,SN2291,A319,BRU,ARN,39000,441,-64,55.68517,9.52689,ADSB,BEL,41,2025-02-20 10:33:36+00:00,666.2124844314272
39319f8c,2025-02-20 10:00:00+00:00,SN2291,A319,BRU,ARN,39025,439,0,58.36821,14.12886,ADSB,BEL,45,2025-02-20 10:31:28+00:00,260.76666241688537
39319f8c,2025-02-20 10:30:00+00:00,SN2291,A319,BRU,ARN,950,126,-704,59.67824,18.09238,ADSB,BEL,256,2025-02-20 10:31:15+00:00,8.996981770128928
3931a062,2025-02-20 08:30:00+00:00,SK2677,A20N,ARN,BER,0,1,0,59.65292,17.93319,ADSB,SZS,289,,0.37867562041225045
3931a062,2025-02-20 09:00:00+00:00,SK2677,A20N,ARN,BER,35975,446,0,57.89734,15.77344,ADSB,SZS,194,2025-02-20 09:57:20+00:00,231.7674081428443
3931a062,2025-02-20 09:30:00+00:00,SK2677,A20N,ARN,BER,34825,444,-1024,54.30286,14.18828,ADSB,SZS,193,2025-02-20 09:55:12+00:00,636.6708340164602
3931a062,2025-02-20 10:00:00+00:00,SK2677,A20N,ARN,BER,0,12,0,52.35923,13.50649,ADSB,SZS,323,,856.1695018300292
3931a06d,2025-02-20 08:30:00+00:00,DK628,A333,ARN,SID,0,2,0,59.65493,17.93795,ADSB,VKG,275,,0.18629628512648486
3931a06d,2025-02-20 09:00:00+00:00,DK628,A333,ARN,SID,25200,470,896,58.33333,15.63248,ADSB,VKG,218,2025-02-20 15:51:28+00:00,197.50791082791048
3931a06d,2025-02-20 09:30:00+00:00,DK628,A333,ARN,SID,36000,450,64,55.52756,10.98841,ADSB,VKG,225,2025-02-20 15:53:36+00:00,617.5268529501178
3931a06d,2025-02-20 10:00:00+00:00,DK628,A333,ARN,SID,36000,443,0,52.97523,6.37843,ADSB,VKG,222,2025-02-20 15:55:44+00:00,1026.7382140741947
3931a06d,2025-02-20 10:30:00+00:00,DK628,A333,ARN,SID,39000,445,0,49.87639,3.25262,ADSB,VKG,208,2025-02-20 15:55:44+00:00,1432.2522510183683
3931a06d,2025-02-20 11:00:00+00:00,DK628,A333,ARN,SID,39000,474,0,46.35644,0.95663,ADSB,VKG,208,2025-02-20 15:53:36+00:00,1853.3672013824253
3931a11d,2025-02-20 09:00:00+00:00,SK1828,A20N,NCE,ARN,0,0,0,43.66488,7.21488,ADSB,SAS,315,,1920.0005375596995
3931a11d,2025-02-20 09:30:00+00:00,SK1828,A20N,NCE,ARN,29700,393,1600,44.15917,8.36458,ADSB,SAS,48,2025-02-20 11:54:40+00:00,1839.4826208742952
3931a11d,2025-02-20 10:00:00+00:00,SK1828,A20N,NCE,ARN,38025,417,64,46.42072,12.09059,ADSB,SAS,50,2025-02-20 11:58:56+00:00,1521.0695216960905
3931a11d,2025-02-20 10:30:00+00:00,SK1828,A20N,NCE,ARN,36150,387,-576,49.138,14.33216,ADSB,SAS,11,2025-02-20 12:05:20+00:00,1191.9246300644313
3931a11d,2025-02-20 11:00:00+00:00,SK1828,A20N,NCE,ARN,35000,375,0,52.23105,15.49057,ADSB,SAS,10,2025-02-20 12:07:28+00:00,839.1697464445982
3931a244,2025-02-20 09:00:00+00:00,SK6,A20N,ARN,LLA,35025,383,0,60.74963,18.37965,ADSB,SAS,19,2025-02-20 09:50:56+00:00,124.27805830032527
3931a244,2025-02-20 09:30:00+00:00,SK6,A20N,ARN,LLA,35025,371,0,63.70097,20.6188,ADSB,SAS,12,2025-02-20 09:55:12+00:00,471.61958917506047
3931a244,2025-02-20 10:00:00+00:00,SK6,A20N,ARN,LLA,0,0,0,65.54904,22.12163,ADSB,SAS,47,,689.220675227376
3931a2fd,2025-02-20 09:00:00+00:00,TP780,A20N,LIS,ARN,0,0,0,38.78358,-9.13246,ADSB,TAP,22,,2998.981728277327
3931a2fd,2025-02-20 09:30:00+00:00,TP780,A20N,LIS,ARN,38000,444,0,40.64932,-6.76252,ADSB,TAP,46,2025-02-20 12:58:40+00:00,2717.26202371253
3931a2fd,2025-02-20 10:00:00+00:00,TP780,A20N,LIS,ARN,38025,437,0,43.78175,-4.37103,ADSB,TAP,26,2025-02-20 13:00:48+00:00,2317.4549756490937
3931a2fd,2025-02-20 10:30:00+00:00,TP780,A20N,LIS,ARN,38000,446,0,46.79193,-1.34074,ADSB,TAP,37,2025-02-20 12:58:40+00:00,1907.5590230655705
3931a2fd,2025-02-20 11:00:00+00:00,TP780,A20N,LIS,ARN,38025,443,0,49.73094,1.98361,ADSB,TAP,33,2025-02-20 13:00:48+00:00,1498.6863558076361
3931a333,2025-02-20 09:30:00+00:00,SK1419,A20N,ARN,CPH,28950,467,1664,58.58798,16.12261,ADSB,SZS,219,2025-02-20 10:10:08+00:00,157.44850693996156
3931a333,2025-02-20 10:00:00+00:00,SK1419,A20N,ARN,CPH,4525,219,-640,55.83517,12.88507,ADSB,SZS,176,2025-02-20 10:05:28+00:00,519.5463286864291
3931a38b,2025-02-20 09:00:00+00:00,FR3655,B38M,BGY,ARN,24875,392,1664,45.89091,10.71964,ADSB,RYR,65,2025-02-20 11:09:52+00:00,1603.3050485738584
3931a38b,2025-02-20 09:30:00+00:00,FR3655,B38M,BGY,ARN,38000,408,0,49.07611,12.36923,ADSB,RYR,17,2025-02-20 11:12:00+00:00,1229.2205507687866
3931a38b,2025-02-20 10:00:00+00:00,FR3655,B38M,BGY,ARN,38000,414,0,52.36601,13.91159,ADSB,RYR,17,2025-02-20 11:12:00+00:00,847.7558499538086
3931a38b,2025-02-20 10:30:00+00:00,FR3655,B38M,BGY,ARN,38000,409,0,55.63087,15.74491,ADSB,RYR,19,2025-02-20 11:14:08+00:00,465.9182255514257
3931a38b,2025-02-20 11:00:00+00:00,FR3655,B38M,BGY,ARN,22300,313,-1024,58.59218,17.16238,ADSB,RYR,29,2025-02-20 11:22:08+00:00,126.07933487928906
3931a549,2025-02-20 09:00:00+00:00,SK78,AT76,VBY,ARN,12950,254,0,58.45523,18.26523,ADSB,BRX,358,2025-02-20 09:25:20+00:00,134.53899168782334
3931a5b4,2025-02-20 09:00:00+00:00,SK2287,AT76,SCR,ARN,14975,288,-64,60.49854,14.957,ADSB,BRX,111,2025-02-20 09:31:44+00:00,190.24788553403138
3931a5b4,2025-02-20 09:30:00+00:00,SK2287,AT76,SCR,ARN,275,95,-576,59.67036,18.03003,ADSB,BRX,255,2025-02-20 09:30:17+00:00,5.400812791805742
3931a6d3,2025-02-20 09:00:00+00:00,KL1216,E295,ARN,AMS,10650,289,1984,59.49031,17.58182,ADSB,KLC,225,2025-02-20 10:40:00+00:00,27.127561274316236
3931a6d3,2025-02-20 09:30:00+00:00,KL1216,E295,ARN,AMS,34000,434,0,56.80881,13.13735,ADSB,KLC,219,2025-02-20 10:37:52+00:00,422.9993800672873
3931a6d3,2025-02-20 10:00:00+00:00,KL1216,E295,ARN,AMS,34000,434,0,54.29518,8.54054,ADSB,KLC,225,2025-02-20 10:35:44+00:00,822.8295806342525
3931a6d3,2025-02-20 10:30:00+00:00,KL1216,E295,ARN,AMS,3050,204,-1088,52.56743,4.7995,ADSB,KLC,209,2025-02-20 10:33:28+00:00,1129.6657738488002
3931a933,2025-02-20 09:30:00+00:00,SK705,A20N,HEL,ARN,25725,373,-2496,59.82493,20.2909,ADSB,SAS,258,2025-02-20 09:57:41+00:00,133.1072540384861
3931a9c4,2025-02-20 09:00:00+00:00,D84006,B38M,UME,ARN,1450,176,1600,63.75902,20.34552,ADSB,NSZ,140,,473.70481804878426
3931a9c4,2025-02-20 09:30:00+00:00,D84006,B38M,UME,ARN,12825,392,-2816,60.33831,18.42554,ADSB,NSZ,195,2025-02-20 09:44:53+00:00,80.79000480650642
3931aa20,2025-02-20 09:00:00+00:00,SK73,CRJ9,OSD,ARN,4150,202,2752,63.15399,14.63918,ADSB,BCY,134,2025-02-20 09:44:32+00:00,426.90348480900354
3931aa20,2025-02-20 09:30:00+00:00,SK73,CRJ9,OSD,ARN,10875,299,-1472,60.19469,18.31033,ADSB,BCY,180,2025-02-20 09:41:58+00:00,63.6160358104315
3931ab63,2025-02-20 09:00:00+00:00,SK142,A20N,GOT,ARN,0,15,0,57.67346,12.29459,ADSB,SZS,25,,393.5611402265492
3931ab63,2025-02-20 09:30:00+00:00,SK142,A20N,GOT,ARN,23075,357,-1728,59.53354,16.34399,ADSB,SZS,48,2025-02-20 09:55:23+00:00,90.79539983573692
3931acc6,2025-02-20 09:00:00+00:00,SK1136,AT76,RNB,ARN,7875,187,2048,56.42347,15.44519,MLAT,BRX,27,2025-02-20 09:53:04+00:00,387.95652520914155
3931acc6,2025-02-20 09:30:00+00:00,SK1136,AT76,RNB,ARN,23000,240,0,58.07196,16.92344,MLAT,BRX,24,2025-02-20 10:03:44+00:00,185.31411091395452
3931acc6,2025-02-20 10:00:00+00:00,SK1136,AT76,RNB,ARN,775,112,-832,59.67577,18.07315,ADSB,BRX,255,2025-02-20 10:01:30+00:00,7.885320619005072
3931aceb,2025-02-20 09:00:00+00:00,AF1262,BCS3,CDG,ARN,3850,262,1152,49.07167,2.36291,ADSB,AFR,328,2025-02-20 11:08:50+00:00,1542.4147932996414
3931aceb,2025-02-20 09:30:00+00:00,AF1262,BCS3,CDG,ARN,35000,460,0,52.20557,4.75662,ADSB,AFR,30,2025-02-20 11:03:28+00:00,1162.3499423032213
3931aceb,2025-02-20 10:00:00+00:00,AF1262,BCS3,CDG,ARN,35000,456,0,54.91018,9.37076,ADSB,AFR,47,2025-02-20 11:03:28+00:00,736.0897534623601
3931aceb,2025-02-20 10:30:00+00:00,AF1262,BCS3,CDG,ARN,35000,455,0,57.35101,14.56332,ADSB,AFR,52,2025-02-20 11:03:28+00:00,322.45178479237546
3931aceb,2025-02-20 11:00:00+00:00,AF1262,BCS3,CDG,ARN,2050,193,0,59.69884,18.24765,ADSB,AFR,264,2025-02-20 11:02:34+00:00,18.000987037015744
3931acfa,2025-02-20 09:00:00+00:00,SK5,A20N,LLA,ARN,0,0,0,65.54908,22.12174,ADSB,SAS,47,,689.2265836252303
3931acfa,2025-02-20 09:30:00+00:00,SK5,A20N,LLA,ARN,6000,253,4608,65.42442,22.21531,ADSB,SAS,199,2025-02-20 10:33:36+00:00,677.7334469774871
3931acfa,2025-02-20 10:00:00+00:00,SK5,A20N,LLA,ARN,34000,422,0,62.23251,19.6815,ADSB,SAS,198,2025-02-20 10:33:36+00:00,301.7722402409848
3931acfa,2025-02-20 10:30:00+00:00,SK5,A20N,LLA,ARN,0,122,-640,59.664,17.97969,ADSB,SAS,255,2025-02-20 10:29:43+00:00,2.523461762986886
3931ad85,2025-02-20 09:00:00+00:00,SK2023,A20N,UME,ARN,0,0,0,63.79247,20.28779,ADSB,SZS,309,,476.4763708128932
3931ad85,2025-02-20 09:30:00+00:00,SK2023,A20N,UME,ARN,34000,423,64,61.40548,19.06209,ADSB,SZS,195,2025-02-20 09:55:12+00:00,204.24394018787626
3931adb7,2025-02-20 09:00:00+00:00,SK2130,AT76,HAD,ARN,0,3,0,56.68156,12.81832,ADSB,BRX,42,,446.3290015889204
3931adb7,2025-02-20 09:30:00+00:00,SK2130,AT76,HAD,ARN,23000,262,0,57.74327,15.45971,ADSB,BRX,56,2025-02-20 10:05:52+00:00,256.1793770661305
3931adb7,2025-02-20 10:00:00+00:00,SK2130,AT76,HAD,ARN,12025,234,-1024,59.20518,17.81433,ADSB,BRX,31,2025-02-20 10:12:17+00:00,50.35844361553128
3931ae82,2025-02-20 09:30:00+00:00,SK2474,A20N,TRD,ARN,39050,453,-64,61.86433,14.88098,ADSB,SAS,131,2025-02-20 10:03:44+00:00,296.6396284469583
3931ae82,2025-02-20 10:00:00+00:00,SK2474,A20N,TRD,ARN,0,82,0,59.66106,17.95665,ADSB,SAS,255,2025-02-20 09:59:34+00:00,1.261922983786974
3931b0ce,2025-02-20 09:30:00+00:00,,SF34,TLL,ARN,7450,168,1600,59.43279,24.48212,ADSB,,276,2025-02-20 10:06:29+00:00,369.4124523624674
3931b0ce,2025-02-20 10:00:00+00:00,,SF34,TLL,ARN,19975,271,0,59.61969,20.57217,ADSB,,273,2025-02-20 10:25:52+00:00,147.99511384032363
3931b2bb,2025-02-20 09:30:00+00:00,IB823,A20N,MAD,ARN,5000,167,1536,40.58052,-3.54236,ADSB,IBE,13,2025-02-20 12:54:24+00:00,2590.837192820397
3931b2bb,2025-02-20 10:00:00+00:00,IB823,A20N,MAD,ARN,36000,434,0,43.55451,-1.66757,ADSB,IBE,24,2025-02-20 12:56:32+00:00,2226.5083235133266
3931b2bb,2025-02-20 10:30:00+00:00,IB823,A20N,MAD,ARN,38000,419,0,46.7708,0.4409,ADSB,IBE,17,2025-02-20 12:56:32+00:00,1834.8319021097332
3931b2bb,2025-02-20 11:00:00+00:00,IB823,A20N,MAD,ARN,38000,454,0,50.00368,2.75338,ADSB,IBE,37,2025-02-20 12:54:24+00:00,1441.5510674171578
3931b47e,2025-02-20 09:30:00+00:00,SK1013,CRJ9,SFT,ARN,26225,447,1024,63.54153,20.28594,ADSB,BCY,195,2025-02-20 10:12:16+00:00,449.704533736371
3931b47e,2025-02-20 10:00:00+00:00,SK1013,CRJ9,SFT,ARN,7275,271,-1216,60.04875,18.39433,ADSB,BCY,187,2025-02-20 10:07:59+00:00,50.748757241476206
3931b5ab,2025-02-20 09:30:00+00:00,SK2182,AT76,AGH,ARN,12850,208,1024,56.60065,13.44804,ADSB,BRX,44,2025-02-20 10:27:12+00:00,429.6784831110918
3931b5ab,2025-02-20 10:00:00+00:00,SK2182,AT76,AGH,ARN,17000,264,0,58.13285,16.30801,ADSB,BRX,37,2025-02-20 10:33:36+00:00,193.3264622534979
3931b5ab,2025-02-20 10:30:00+00:00,SK2182,AT76,AGH,ARN,2075,172,-64,59.69646,18.23767,ADSB,BRX,256,2025-02-20 10:32:51+00:00,17.389879000033087
3931b6e3,2025-02-20 09:30:00+00:00,SK106,A20N,MMX,ARN,10150,276,2368,55.59454,13.55138,ADSB,SZS,34,2025-02-20 10:20:48+00:00,521.2660622777736
3931b6e3,2025-02-20 10:00:00+00:00,SK106,A20N,MMX,ARN,28800,391,-2240,58.41361,16.87802,ADSB,SZS,31,2025-02-20 10:30:37+00:00,150.659990225787
3931bb5c,2025-02-20 10:00:00+00:00,D84036,B38M,LLA,ARN,36000,464,0,63.02747,20.2592,ADSB,NSZ,198,2025-02-20 10:37:52+00:00,394.9641453789419
3931bb5c,2025-02-20 10:30:00+00:00,D84036,B38M,LLA,ARN,3825,231,-448,59.78252,18.33243,ADSB,NSZ,181,2025-02-20 10:34:41+00:00,26.27344067866776
3931bf0b,2025-02-20 10:00:00+00:00,JU381,A319,ARN,BEG,35000,473,0,57.02551,17.72263,ADSB,ASL,192,2025-02-20 11:50:24+00:00,292.4985270168454
3931bf0b,2025-02-20 10:30:00+00:00,JU381,A319,ARN,BEG,35000,487,0,53.0629,17.65006,MLAT,ASL,175,2025-02-20 11:50:24+00:00,733.0617649389629
3931bf0b,2025-02-20 11:00:00+00:00,JU381,A319,ARN,BEG,35000,510,0,48.94273,18.36516,MLAT,ASL,167,2025-02-20 11:46:08+00:00,1191.3017003714208
3931c069,2025-02-20 10:00:00+00:00,D84322,B738,NCE,ARN,21900,400,4224,43.96188,8.13204,ADSB,NSZ,60,2025-02-20 12:33:04+00:00,1865.944658923748
3931c069,2025-02-20 10:30:00+00:00,D84322,B738,NCE,ARN,38000,416,0,46.74303,10.94801,ADSB,NSZ,21,2025-02-20 12:35:12+00:00,1507.2418085462157
3931c069,2025-02-20 11:00:00+00:00,D84322,B738,NCE,ARN,38000,416,0,49.91736,12.84346,ADSB,NSZ,28,2025-02-20 12:35:12+00:00,1130.0359610861208
3931c271,2025-02-20 10:00:00+00:00,AY806,AT75,ARN,HEL,13500,210,960,59.75664,18.88588,ADSB,FCM,69,2025-02-20 10:44:16+00:00,54.290554666747454
3931c271,2025-02-20 10:30:00+00:00,AY806,AT75,ARN,HEL,19025,242,0,60.38044,22.63998,ADSB,FCM,60,2025-02-20 10:50:40+00:00,273.3343804602157
3931c44b,2025-02-20 10:00:00+00:00,D84356,B738,FCO,ARN,2850,214,3264,41.80554,12.16698,ADSB,NSZ,308,,2023.9323490846975
3931c44b,2025-02-20 10:30:00+00:00,D84356,B738,FCO,ARN,36000,418,-64,45.09129,11.4574,ADSB,NSZ,358,2025-02-20 12:50:08+00:00,1676.057847983128
3931c44b,2025-02-20 11:00:00+00:00,D84356,B738,FCO,ARN,36000,410,0,48.40665,12.21167,ADSB,NSZ,26,2025-02-20 12:50:08+00:00,1304.1711280192944
3931c451,2025-02-20 10:00:00+00:00,SK903,A333,ARN,EWR,4225,237,2560,59.5692,17.75006,ADSB,SAS,247,2025-02-20 18:18:40+00:00,14.208703388251624
3931c451,2025-02-20 10:30:00+00:00,SK903,A333,ARN,EWR,36000,448,0,60.90834,11.67117,ADSB,SAS,295,2025-02-20 18:14:24+00:00,372.4763570033465
3931c451,2025-02-20 11:00:00+00:00,SK903,A333,ARN,EWR,38000,445,0,62.29623,4.77966,ADSB,SAS,289,2025-02-20 18:16:32+00:00,766.6826407904124
3931c498,2025-02-20 10:00:00+00:00,D84455,B38M,ARN,LGW,0,125,-64,59.65691,17.92035,ADSB,NSZ,190,,1.155764119084348
3931c498,2025-02-20 10:30:00+00:00,D84455,B38M,ARN,LGW,38000,423,0,58.22566,12.59972,ADSB,NSZ,237,2025-02-20 12:11:44+00:00,344.92263521642224
3931c498,2025-02-20 11:00:00+00:00,D84455,B38M,ARN,LGW,38000,408,-64,56.27019,7.35485,ADSB,NSZ,233,2025-02-20 12:11:44+00:00,727.739085804701
3931c511,2025-02-20 10:00:00+00:00,SK1806,A20N,PMI,ARN,12925,356,3008,39.64202,2.38373,ADSB,SZS,326,2025-02-20 13:33:49+00:00,2476.9149554375053
3931c511,2025-02-20 10:30:00+00:00,SK1806,A20N,PMI,ARN,38025,387,-64,42.77378,1.52819,ADSB,SZS,11,2025-02-20 13:26:24+00:00,2184.1870987866287
3931c511,2025-02-20 11:00:00+00:00,SK1806,A20N,PMI,ARN,38000,402,0,45.98245,1.29304,ADSB,SZS,2,2025-02-20 13:28:32+00:00,1876.0987788163102
3931c603,2025-02-20 10:00:00+00:00,SK1041,A20N,KRN,ARN,24225,423,1984,67.03542,20.08372,ADSB,SZS,186,2025-02-20 11:09:52+00:00,827.6409146933423
3931c603,2025-02-20 10:30:00+00:00,SK1041,A20N,KRN,ARN,34000,451,0,63.30885,19.21287,ADSB,SZS,185,2025-02-20 11:09:52+00:00,412.0111053037769
3931c603,2025-02-20 11:00:00+00:00,SK1041,A20N,KRN,ARN,7225,251,-1152,59.96785,18.34766,ADSB,SZS,183,2025-02-20 11:08:07+00:00,41.731070316711154
3931c8a1,2025-02-20 10:00:00+00:00,SK526,A20N,LHR,ARN,0,9,0,51.46751,-0.45044,ADSB,SZS,90,,1463.3468145308384
3931c8a1,2025-02-20 10:30:00+00:00,SK526,A20N,LHR,ARN,20625,412,2944,51.96012,0.51628,ADSB,SZS,37,2025-02-20 12:24:32+00:00,1377.5751771696557
3931c8a1,2025-02-20 11:00:00+00:00,SK526,A20N,LHR,ARN,39000,481,-256,55.05551,4.56538,ADSB,SZS,49,2025-02-20 12:20:16+00:00,948.7108068454836
3931c8c5,2025-02-20 10:00:00+00:00,KL1219,B738,AMS,ARN,11275,309,3136,52.46809,4.78363,ADSB,KLM,30,2025-02-20 11:33:20+00:00,1138.7666548878701
3931c8c5,2025-02-20 10:30:00+00:00,KL1219,B738,AMS,ARN,39000,462,0,54.95906,9.32806,ADSB,KLM,48,2025-02-20 11:33:20+00:00,733.7743571456527
3931c8c5,2025-02-20 11:00:00+00:00,KL1219,B738,AMS,ARN,39000,450,0,57.34543,14.51852,ADSB,KLM,52,2025-02-20 11:33:20+00:00,324.53886006693745
3931c9b5,2025-02-20 10:00:00+00:00,SK1422,A20N,CPH,ARN,0,0,0,55.62607,12.65321,ADSB,SZS,357,,546.9527433250526
3931c9b5,2025-02-20 10:30:00+00:00,SK1422,A20N,CPH,ARN,35500,442,1408,56.64899,14.34093,ADSB,SZS,39,2025-02-20 11:12:00+00:00,395.10441546272284
3931c9b5,2025-02-20 11:00:00+00:00,SK1422,A20N,CPH,ARN,6775,256,-1536,59.40042,18.04669,ADSB,SZS,31,2025-02-20 11:07:05+00:00,28.784193940186153
3931cb35,2025-02-20 10:30:00+00:00,D84277,B738,ARN,LIS,34000,442,-64,58.11964,15.00927,ADSB,NSZ,222,2025-02-20 14:58:08+00:00,239.63406071925428
3931cb35,2025-02-20 11:00:00+00:00,D84277,B738,ARN,LIS,34000,441,0,55.39288,10.66922,ADSB,NSZ,219,2025-02-20 14:56:00+00:00,641.8648050899124
3931cc1c,2025-02-20 10:30:00+00:00,SK2026,A20N,ARN,UME,39000,400,0,60.91635,18.36806,ADSB,SZS,17,2025-02-20 11:05:36+00:00,142.38675685019862
3931cc1c,2025-02-20 11:00:00+00:00,SK2026,A20N,ARN,UME,2175,151,-768,63.69892,20.46819,ADSB,SZS,318,2025-02-20 11:01:41+00:00,469.0941442786697
3931cd22,2025-02-20 10:30:00+00:00,LO454,E295,ARN,WAW,25925,474,1408,58.74399,18.47954,ADSB,LOT,193,2025-02-20 11:41:52+00:00,105.70281820348609
3931cd22,2025-02-20 11:00:00+00:00,LO454,E295,ARN,WAW,35000,90,0,54.93595,18.04509,MLAT,LOT,135,2025-02-20 11:37:36+00:00,524.6105808923159
3931cdab,2025-02-20 10:30:00+00:00,SK1819,A20N,ARN,LPA,28175,450,1344,58.67303,16.13041,ADSB,SZS,221,2025-02-20 15:55:44+00:00,150.06764835352473
3931cdab,2025-02-20 11:00:00+00:00,SK1819,A20N,ARN,LPA,34025,444,0,56.03167,11.49831,ADSB,SZS,226,2025-02-20 15:57:52+00:00,554.0800224174186
3931ce32,2025-02-20 10:30:00+00:00,FR8922,B738,ARN,MLA,24400,428,1728,58.9707,18.57258,ADSB,MAY,184,2025-02-20 13:52:00+00:00,83.99109717355135
3931ce32,2025-02-20 11:00:00+00:00,FR8922,B738,ARN,MLA,36000,463,0,55.25965,16.76172,ADSB,MAY,198,2025-02-20 13:49:52+00:00,493.6138775484408
3931cf4d,2025-02-20 10:30:00+00:00,LX1232,BCS3,GVA,ARN,0,0,0,46.23054,6.10615,ADSB,SWR,135,,1684.358936868592
3931cf4d,2025-02-20 11:00:00+00:00,LX1232,BCS3,GVA,ARN,26800,403,1472,46.77513,7.27425,ADSB,SWR,54,2025-02-20 13:11:28+00:00,1593.9038344897224
3931d0f7,2025-02-20 10:30:00+00:00,TF9820,AT76,MMX,ARN,19775,230,896,56.04002,14.07573,ADSB,BRX,34,2025-02-20 11:16:38+00:00,462.1375079955607
3931d0f7,2025-02-20 11:00:00+00:00,TF9820,AT76,MMX,ARN,23000,262,0,57.91049,16.08381,ADSB,BRX,29,2025-02-20 11:40:39+00:00,221.35592864218341
3931d177,2025-02-20 10:30:00+00:00,FR313,B738,DUB,ARN,23925,491,1856,54.26985,-5.86929,ADSB,RYR,25,2025-02-20 12:33:04+00:00,1551.875521706245
3931d177,2025-02-20 11:00:00+00:00,FR313,B738,DUB,ARN,37000,492,-64,56.89987,-0.44628,ADSB,RYR,63,2025-02-20 12:30:56+00:00,1113.6638969479973
3931d243,2025-02-20 10:30:00+00:00,SK531,A20N,ARN,LHR,4500,259,1984,59.57918,17.78522,ADSB,SZS,242,2025-02-20 12:33:04+00:00,11.998876776517786
3931d243,2025-02-20 11:00:00+00:00,SK531,A20N,ARN,LHR,36000,427,64,57.10875,13.30046,ADSB,SZS,221,2025-02-20 12:41:36+00:00,391.2551765798471
3931d27a,2025-02-20 10:30:00+00:00,SK8,A320,ARN,LLA,17725,351,2880,59.81855,17.71375,ADSB,SAS,16,2025-02-20 11:30:59+00:00,22.29657696663207
3931d27a,2025-02-20 11:00:00+00:00,SK8,A320,ARN,LLA,35000,395,0,62.96232,19.63003,ADSB,SAS,17,2025-02-20 11:33:20+00:00,378.78859822165384
3931d314,2025-02-20 11:00:00+00:00,SK2678,A20N,BER,ARN,0,10,0,52.35091,13.48766,ADSB,SZS,98,,857.4276306561474
3931d31f,2025-02-20 10:30:00+00:00,BA777,A20N,ARN,LHR,0,0,0,59.64273,17.92886,ADSB,BAW,90,,1.3509764604665375
3931d31f,2025-02-20 11:00:00+00:00,BA777,A20N,ARN,LHR,34000,430,0,58.56621,13.72284,ADSB,BAW,238,2025-02-20 12:50:08+00:00,269.32373362122496
3931d328,2025-02-20 10:30:00+00:00,HP783,F50,AJR,ARN,17000,245,0,64.81795,19.37424,MLAT,APF,183,2025-02-20 11:39:44+00:00,579.0040712190522
3931d328,2025-02-20 11:00:00+00:00,HP783,F50,AJR,ARN,21900,294,0,62.56842,18.84832,MLAT,APF,187,2025-02-20 11:37:36+00:00,327.76457284253996
3931d483,2025-02-20 10:30:00+00:00,PC1281,A20N,SAW,ARN,0,0,0,40.90242,29.31137,ADSB,PGT,154,,2228.8315209556918
3931d508,2025-02-20 10:30:00+00:00,AY807,E190,HEL,ARN,0,0,0,60.32943,24.95255,ADSB,FCM,317,,396.96461607414835
3931d508,2025-02-20 11:00:00+00:00,AY807,E190,HEL,ARN,15050,320,-640,59.69635,19.3419,ADSB,FCM,254,2025-02-20 11:15:56+00:00,78.8593305644634
3931d756,2025-02-20 10:30:00+00:00,SK4222,AT76,ARN,VAA,900,111,1152,59.63786,17.91339,ADSB,BRX,191,,2.290603493295976
3931d756,2025-02-20 11:00:00+00:00,SK4222,AT76,ARN,VAA,15025,265,0,61.24142,19.30705,ADSB,BRX,26,2025-02-20 11:35:28+00:00,191.8161187514819
3931d7a2,2025-02-20 10:30:00+00:00,SK1423,CRJ9,ARN,CPH,0,0,0,59.65271,17.92801,ADSB,BCY,47,,0.6697216511767775
3931d7a2,2025-02-20 11:00:00+00:00,SK1423,CRJ9,ARN,CPH,36000,421,0,57.51738,14.46315,ADSB,BCY,218,2025-02-20 11:29:04+00:00,311.4021884432866
3931d836,2025-02-20 10:30:00+00:00,SK899,E195,ARN,BGO,0,0,0,59.6533,17.93291,ADSB,SVS,345,,0.38892704897890085
3931d836,2025-02-20 11:00:00+00:00,SK899,E195,ARN,BGO,34000,417,64,59.94049,13.2821,ADSB,SVS,278,2025-02-20 11:44:00+00:00,262.43512937043675
3931d837,2025-02-20 11:00:00+00:00,SK556,A20N,AMS,ARN,36950,438,0,53.8997,6.99217,ADSB,SZS,34,2025-02-20 12:20:16+00:00,922.0985642722852
3931d84d,2025-02-20 10:30:00+00:00,SK1584,A20N,AGP,ARN,0,0,0,36.67853,-4.48881,ADSB,SZS,208,,3016.013554912537
3931d84d,2025-02-20 11:00:00+00:00,SK1584,A20N,AGP,ARN,27375,413,1344,37.45056,-3.89068,ADSB,SZS,16,2025-02-20 14:45:20+00:00,2915.7644920774583
3931d990,2025-02-20 11:00:00+00:00,SK1854,A20N,ALC,ARN,35975,397,0,40.54677,1.11243,ADSB,SZS,29,2025-02-20 14:19:44+00:00,2424.2924109729497
3931da42,2025-02-20 11:00:00+00:00,KL1218,A21N,ARN,AMS,33775,440,1088,58.41598,15.62778,ADSB,KLM,224,2025-02-20 12:24:32+00:00,190.85476266932162
3931dad0,2025-02-20 11:00:00+00:00,SK2549,A20N,ARN,MAN,37175,416,448,58.86698,14.75663,ADSB,SAS,240,2025-02-20 12:48:00+00:00,200.92409820995425
3931dc55,2025-02-20 11:00:00+00:00,OS313,A320,VIE,ARN,0,0,0,48.11822,16.5698,ADSB,AUA,205,,1285.7378064227373
3931dcfe,2025-02-20 11:00:00+00:00,FR4692,B738,ARN,STN,28575,429,1408,59.23036,15.96286,ADSB,RYR,240,2025-02-20 12:54:24+00:00,121.25885405387027
3931dd96,2025-02-20 11:00:00+00:00,SK7,A20N,LLA,ARN,23925,405,2496,64.89592,21.70239,ADSB,SAS,199,2025-02-20 11:56:48+00:00,614.299573739212
3931de32,2025-02-20 11:00:00+00:00,SK4236,AT76,ARN,TKU,13875,219,896,59.80706,18.84013,ADSB,BRX,59,2025-02-20 11:33:20+00:00,53.2711894829216
3931e295,2025-02-20 11:00:00+00:00,,C68A,ARN,ANR,0,0,0,59.65616,17.95477,ADSB,NJE,343,,0.8889643046057925
3931e4fe,2025-02-20 11:00:00+00:00,BA778,A20N,LHR,ARN,0,17,0,51.47581,-0.4764,ADSB,BAW,90,,1463.9475322458095
3931e505,2025-02-20 11:00:00+00:00,SK1420,A20N,CPH,ARN,0,5,0,55.62327,12.64419,ADSB,SZS,194,,547.5217153792461
3931e53e,2025-02-20 11:00:00+00:00,LH802,A321,FRA,ARN,0,0,0,50.04751,8.58842,ADSB,DLH,244,,1221.8184554731358
3931e721,2025-02-20 11:00:00+00:00,FR9166,B38M,ARN,BVA,0,0,0,59.64693,17.92488,ADSB,RYR,298,,1.115904910851058
3931e751,2025-02-20 11:00:00+00:00,SK48,AT76,ARN,SDL,0,115,1984,59.65041,17.91797,ADSB,BRX,190,,1.2758831147409802
3931e7d6,2025-02-20 11:00:00+00:00,SK1042,A20N,ARN,KRN,0,0,0,59.65354,17.93289,ADSB,SZS,329,,0.3890943376626877
